businessZones,city,companyFullName,companyId,companyLabelList,companyLogo,companyShortName,companySize,createTime,deliver,district,education,explain,financeStage,firstType,formatCreateTime,gradeDescription,hitags,imState,industryField,industryLables,isSchoolJob,jobNature,lastLogin,latitude,linestaion,longitude,pcShow,plus,positionAdvantage,positionId,positionLables,positionName,promotionScoreExplain,publisherId,resumeProcessDay,resumeProcessRate,salary,score,secondType,stationname,subwayline,workYear
"和平公园,四平路,临平路",上海,上海脉豪商务信息咨询有限公司,144037,"股票期权,带薪年假,定期体检,弹性工作",i/image/M00/3E/6B/CgpFT1lWC46AcZCKAACYunhg3Qw796.png,眸事网,150-500人,2018-06-22 09:09:29,0,虹口区,硕士,,天使轮,开发/测试/运维类,1天前发布,,,today,"移动互联网,企业服务",,0,全职,1529661218000,30.994061,,120.99346399999999,0,,"行业先锋,智能语音,数据驱动,发展空间大",3012191,"高级,大数据,数据挖掘,Java",机器学习/算法工程师,,5915692,1,35,15k-25k,0,数据开发,,,不限
"漕河泾,漕宝路,虹梅路",上海,上海彩亿信息技术有限公司,1738,"股票期权,年底双薪,五险一金,带薪年假",i/image/M00/61/D3/CgqKkVf8uQeAOqJ2AAArfl5skXY149.png,有鱼金融科技,500-2000人,2018-06-22 09:51:55,0,徐汇区,本科,,不需要融资,开发/测试/运维类,1天前发布,,,today,"移动互联网,金融","移动互联网,深度学习,人工智能,金融科技,AI",0,全职,1529639927000,31.164469,9号线_漕河泾开发区;12号线_虹梅路;12号线_虹漕路,121.40425400000001,0,,行业前三，技术驱动，无限发挥！,4130024,"移动互联网,深度学习,人工智能,金融科技,AI",机器学习工程师,,3811573,1,100,15k-30k,0,数据开发,漕河泾开发区,9号线,3-5年
长寿路,上海,承承网络科技（上海）有限公司,313050,"年底双薪,带薪年假,阿姨烧饭,季度奖金",i/image2/M00/40/04/CgoB5lpYbJGAIWf8AAAQvTk-6KA138.jpg,叽里呱啦,150-500人,2018-06-22 09:44:10,0,普陀区,本科,,A轮,开发/测试/运维类,1天前发布,,,today,"移动互联网,教育",,0,全职,1529653997000,31.247107,3号线_中潭路;3号线_镇坪路;4号线_镇坪路;4号线_中潭路;7号线_长寿路;7号线_镇坪路;13号线_长寿路;13号线_江宁路,121.437347,0,,"带薪年假,绩效奖金,年终13薪,出国旅游",4536031,"大数据,数据分析,数据挖掘",机器学习工程师,,9697493,0,5,20k-40k,0,数据开发,江宁路,7号线,1-3年
,上海,上海森亿医疗科技有限公司,135284,"年底双薪,带薪年假,交通补助,扁平管理",i/image2/M00/22/BE/CgoB5loVUFWAS40rAAAQxI6Gtgo447.jpg,森亿智能,150-500人,2018-06-22 09:12:44,0,浦东新区,本科,,B轮,开发/测试/运维类,1天前发布,,,today,"数据服务,医疗健康",,0,全职,1529652021000,0.0,,0.0,0,,"学术氛围好,海龟大牛多,晋升空间大,福利待遇好",4110103,"算法,数据挖掘,深度学习,人工智能",机器学习工程师,,5997845,1,100,20k-40k,0,数据开发,,,不限
,上海,奥可纳软件技术 （ Akuna Capital),82945,"技能培训,扁平管理,定期体检,五险一金",i/image2/M00/17/BC/CgoB5ln5jmeAAsHDAAALKq9fc4w963.png,奥可纳软件技术(上海）有限公司,15-50人,2018-06-22 15:03:54,0,浦东新区,本科,,不需要融资,开发/测试/运维类,1天前发布,,,today,金融,,0,全职,1529659293000,31.180208,7号线_云台路;7号线_耀华路;7号线_长清路;7号线_后滩;8号线_成山路;8号线_耀华路;8号线_中华艺术宫;13号线_世博大道,121.486042,0,,"机器学习,金融科技,策略开发",3895663,matlab,量化研究员（机器学习）,,2116361,0,0,30k-60k,0,数据开发,成山路,7号线,3-5年
"广中路,中山北路,虹口足球场,广中路,中山北路,虹口足球场",上海,上海寰融信息技术有限公司,30848,"带薪年假,绩效奖金,定期体检,股票期权",i/image/M00/45/8C/Cgp3O1eIoa6AZgafAAAL5Ty48hg613.png,GFT,15-50人,2018-06-22 09:57:45,0,虹口区,本科,,A轮,开发/测试/运维类,1天前发布,,,today,"金融,数据服务",,1,实习,1529640009000,31.27025,3号线_赤峰路;3号线_虹口足球场;3号线_东宝兴路;8号线_西藏北路;8号线_虹口足球场,121.473,0,,大牛带,3802503,"大数据,数据挖掘,算法,自然语言处理",机器学习实习,,1529867,1,20,2k-4k,0,数据开发,赤峰路,8号线,应届毕业生
,上海,华院数据技术（上海）有限公司,83866,"带薪年假,绩效奖金,定期体检,通讯津贴",image1/M00/3A/30/Cgo8PFWssgqAUS7dAAB6nKgBAmA829.jpg?cc=0.017147018807008862,华院数据,500-2000人,2018-06-22 15:19:48,0,静安区,硕士,,C轮,开发/测试/运维类,1天前发布,,,today,"企业服务,数据服务",,0,全职,1529634571000,31.290987,1号线_汶水路,121.438449,0,,发展空间大,2773583,,高级机器学习工程师,,2144519,1,86,20k-40k,0,数据开发,汶水路,1号线,3-5年
"张江,花木",上海,耀方信息技术（上海）有限公司,15185,"绩效奖金,股票期权,年底双薪,五险一金",i/image3/M00/53/43/Cgq2xlsL1XGAHb6BAAAxFJ6_aF4782.PNG,"111,Inc.",500-2000人,2018-06-21 15:10:15,0,浦东新区,本科,,D轮及以上,开发/测试/运维类,2天前发布,,,disabled,"移动互联网,电子商务",,0,全职,1529647484000,31.201620000000002,2号线_张江高科,121.582196,0,,"团队牛,发展空间大,氛围好,技术大牛",4557767,"高级,数据挖掘,算法",机器学习研究员,,8377615,0,0,25k-40k,0,数据开发,张江高科,2号线,3-5年
大场,上海,上海衣脉信息科技有限公司,256710,"年底双薪,带薪年假,股票期权,美女多",i/image2/M01/5B/16/CgotOVsqCGyAPnwSAAAebxfMYCE979.png,衣脉科技,50-150人,2018-06-22 12:18:27,0,宝山区,硕士,,B轮,开发/测试/运维类,1天前发布,,,today,"移动互联网,生活服务",,0,全职,1529658730000,31.315984000000004,7号线_场中路;7号线_上大路;7号线_南陈路,121.40991399999999,0,,"股票期权,弹性时间,氛围好,营养早餐",4307473,"算法,图像处理,深度学习,人工智能",机器学习/计算机视觉研发工程师,,8263869,1,60,20k-40k,0,数据开发,南陈路,7号线,3-5年
"静安寺,南京西路,北京西路",上海,北京国双科技有限公司,3038,"年度旅游,节日礼物,年底双薪,带薪年假",image1/M00/00/08/Cgo8PFTUWA-AdaTRAAA79zuDOBc464.jpg,Gridsum 国双,500-2000人,2018-06-22 09:46:01,0,静安区,本科,,上市公司,开发/测试/运维类,1天前发布,,"购买社保,试用期上社保,免费休闲游,试用期上公积金,免费健身房,创新人才支持,免费体检,每月餐补,6险1金",today,"数据服务,企业服务",,0,全职,1529631946000,31.225578999999996,1号线_常熟路;1号线_陕西南路;2号线_南京西路;2号线_静安寺;7号线_常熟路;7号线_静安寺;7号线_昌平路;10号线(航中路)_陕西南路;10号线(虹桥火车站)_陕西南路;12号线_陕西南路;12号线_南京西路;13号线_南京西路,121.44968200000001,0,,六险一金、奖金丰厚、技术牛人多,3983736,"大数据,数据挖掘",机器学习开发工程师,,1314138,2,100,15k-25k,0,数据开发,昌平路,10号线(航中路),1-3年
长征,上海,上海译会信息科技有限公司,243497,"午餐补助,带薪年假,绩效奖金,定期体检",i/image/M00/5B/2B/CgpFT1mOQyiAb4A7AAARnDR-nlo202.jpg,译会科技,50-150人,2018-06-22 17:24:11,0,普陀区,本科,,天使轮,开发/测试/运维类,1天前发布,,,today,"金融,移动互联网",,0,全职,1529659167000,31.229707,13号线_祁连山南路;13号线_真北路,121.36925,0,,员工旅游,4280482,,机器学习工程师,,9343014,0,0,25k-40k,0,后端开发,祁连山南路,13号线,3-5年
,上海,韩领网络科技（上海）有限公司,49363,"年底双薪,技能培训,绩效奖金,年度旅游",image1/M00/00/81/CgYXBlTUXdWAJoYuAAA27O1XZL0509.png,Coupang,150-500人,2018-06-19 18:26:53,0,浦东新区,硕士,,不需要融资,开发/测试/运维类,2018-06-19,,,today,"移动互联网,O2O",,0,全职,1529659753000,40.002221999999996,,116.472822,0,,"弹性工作制,技术氛围强,定期体检,国外出差",4309240,"数据挖掘,深度学习",高级数据科学家-机器学习,,4919613,1,100,20k-35k,0,数据开发,,,3-5年
"外滩,北京东路,七浦路",上海,众安在线财产保险股份有限公司,29824,"定期体检,每天下午茶,六险一金,年度体检",i/image/M00/55/39/CgqKkVfGfBuAOWGAAAIUmwY0VKI054.jpg,众安保险,2000人以上,2018-06-14 11:21:15,0,黄浦区,硕士,,上市公司,开发/测试/运维类,2018-06-14,,,today,金融,,0,全职,1529662808000,31.24235295,2号线_陆家嘴;2号线_南京东路;10号线(航中路)_四川北路;10号线(航中路)_天潼路;10号线(航中路)_南京东路;10号线(虹桥火车站)_四川北路;10号线(虹桥火车站)_天潼路;10号线(虹桥火车站)_南京东路;12号线_天潼路;12号线_国际客运中心,121.48791796,0,,发展机会多,3955129,后端开发,机器学习开发（数科室）,,6706425,0,0,15k-25k,0,后端开发,四川北路,10号线(航中路),3-5年
"唐镇,曹路,唐镇,曹路,唐镇,曹路",上海,招商银行股份有限公司信用卡中心,6796,"金融科技银行,技术创新驱动,奋斗独立改变,一年两次调薪",i/image2/M00/25/D7/CgoB5lodmL2AJHxrAABieRjcJjU514.png,招商银行信用卡中心,2000人以上,2018-06-22 10:02:10,0,浦东新区,本科,,上市公司,开发/测试/运维类,1天前发布,,免费体检,today,"移动互联网,金融",,0,全职,1529687746000,31.247248,,121.673868,0,,职位晋升 福利待遇好 年度旅游 年度体检,3891859,"资深,数据分析,深度学习,算法",机器学习技术经理,,73936,2,100,30k-50k,0,数据开发,,,5-10年
"陆家嘴,陆家嘴,董家渡,南浦大桥,董家渡,南浦大桥",上海,上海万得信息技术股份有限公司,3174,"技能培训,带薪年假,绩效奖金,岗位晋升",i/image/M00/01/A5/CgqKkVZySE2AGJFsAAAqFvErktg788.jpg,上海万得信息技术股份有限公司,2000人以上,2018-06-22 09:33:53,0,浦东新区,硕士,,不需要融资,开发/测试/运维类,1天前发布,,,disabled,"移动互联网,金融","金融,高级,大数据,数据挖掘",0,全职,1529651762000,31.217426,4号线_蓝村路;4号线_塘桥;6号线_蓝村路;6号线_浦电路(6号线);9号线_商城路,121.51404,0,,"行业前景好,大公司,工作氛围好,优秀团队",3423071,"金融,高级,大数据,数据挖掘",机器学习/深度学习算法专家,,7861986,1,77,20k-40k,0,数据开发,塘桥,4号线,3-5年
长寿路,上海,承承网络科技（上海）有限公司,313050,"年底双薪,带薪年假,阿姨烧饭,季度奖金",i/image2/M00/40/04/CgoB5lpYbJGAIWf8AAAQvTk-6KA138.jpg,叽里呱啦,150-500人,2018-06-22 09:44:11,0,普陀区,本科,,A轮,开发/测试/运维类,1天前发布,,,today,"移动互联网,教育","信息安全,人工智能,算法,python",0,全职,1529653997000,31.247107,3号线_中潭路;3号线_镇坪路;4号线_镇坪路;4号线_中潭路;7号线_长寿路;7号线_镇坪路;13号线_长寿路;13号线_江宁路,121.437347,0,,"团队氛围好,氛围简单,发挥空间大,阿姨做饭",4398049,"信息安全,人工智能,算法,python",AI机器学习工程师,,9697493,0,5,15k-25k,0,数据开发,江宁路,7号线,3-5年
"天山路,虹桥,古北",上海,上海戎磐网络科技有限公司,299367,"带薪年假,定期体检,节日礼物,五险一金",i/image/M00/82/81/CgpEMlpUhIWABbeAAACdUAQ70yo188.jpg,戎磐网络,15-50人,2018-06-19 09:40:21,0,长宁区,本科,,天使轮,开发/测试/运维类,2018-06-19,,,disabled,信息安全、移动互联网,,0,全职,1529658500000,31.202883,2号线_娄山关路;10号线(航中路)_宋园路;10号线(航中路)_伊犁路;10号线(航中路)_水城路;10号线(虹桥火车站)_宋园路;10号线(虹桥火车站)_伊犁路;10号线(虹桥火车站)_水城路,121.40245800000001,0,,"环境好,扁平化,福利好",4548975,"数据挖掘,大数据",机器学习算法工程师,,6792859,1,100,10k-15k,0,数据开发,水城路,10号线(航中路),1-3年
"源深体育中心,梅园,陆家嘴",上海,纽昂司软件技术（北京）有限公司,40015,"技能培训,节日礼物,带薪年假,绩效奖金",images/logo_default.png,Nuance,2000人以上,2018-06-21 17:06:44,0,浦东新区,硕士,,上市公司,开发/测试/运维类,2天前发布,,,disabled,"移动互联网,数据服务",,1,全职,1529662350000,31.226684000000002,2号线_世纪大道;2号线_东昌路;4号线_世纪大道;4号线_浦电路(4号线);6号线_浦电路(6号线);6号线_世纪大道;6号线_源深体育中心;9号线_世纪大道;9号线_商城路,121.528295,0,,"人工智能,机器学习,深度学习,语音合成",4175683,"深度学习,C++,R,python,语音合成",机器学习研发软件工程师,,735468,0,0,15k-18k,0,数据开发,世纪大道,4号线,应届毕业生
"静安寺,南京西路,北京西路",上海,北京国双科技有限公司,3038,"年度旅游,节日礼物,年底双薪,带薪年假",image1/M00/00/08/Cgo8PFTUWA-AdaTRAAA79zuDOBc464.jpg,Gridsum 国双,500-2000人,2018-06-22 09:46:02,0,静安区,本科,,上市公司,开发/测试/运维类,1天前发布,,"购买社保,试用期上社保,免费休闲游,试用期上公积金,免费健身房,创新人才支持,免费体检,每月餐补,6险1金",today,"数据服务,企业服务",,0,全职,1529631946000,31.225578999999996,1号线_常熟路;1号线_陕西南路;2号线_南京西路;2号线_静安寺;7号线_常熟路;7号线_静安寺;7号线_昌平路;10号线(航中路)_陕西南路;10号线(虹桥火车站)_陕西南路;12号线_陕西南路;12号线_南京西路;13号线_南京西路,121.44968200000001,0,,六险一金、奖金丰厚、技术牛人多,4036331,"算法,深度学习",机器学习技术经理（上海-静安区）,,1314138,2,100,25k-40k,0,数据开发,昌平路,10号线(航中路),3-5年
"虹梅路,田林,漕河泾",上海,北京郁金香伙伴科技有限公司,166756,"股票期权,弹性工作,帅哥多,扁平管理",i/image/M00/8C/1E/Cgp3O1h93ZOAIKidAAAUbVpAF9M319.png,Airdoc,50-150人,2018-06-20 09:48:24,0,徐汇区,硕士,,B轮,开发/测试/运维类,3天前发布,,,disabled,"医疗健康,移动互联网","医疗健康,人工智能,python",0,全职,1529632268000,31.169208,9号线_桂林路;9号线_漕河泾开发区;12号线_虹梅路;12号线_虹漕路;12号线_桂林公园,121.408492,0,,"扁平化,发展空间大",3539590,"医疗健康,人工智能,python",机器学习算法工程师,,6769558,1,37,30k-50k,0,数据开发,漕河泾开发区,9号线,1-3年
"四川北路,海宁路,东宝兴路",上海,上海宏路数据技术股份有限公司,24102,"绩效奖金,五险一金,带薪年假,年度旅游",i/image2/M00/1F/84/CgotOVoNNsWAKAojAAANvLLP6BY862.png,Hypers,50-150人,2018-06-22 10:21:19,0,虹口区,本科,,上市公司,技术,1天前发布,,,today,移动互联网,,0,全职,1529663267000,31.25525987,3号线_东宝兴路;3号线_宝山路;4号线_宝山路;4号线_海伦路;4号线_临平路;10号线(航中路)_海伦路;10号线(航中路)_四川北路;10号线(航中路)_天潼路;10号线(虹桥火车站)_海伦路;10号线(虹桥火车站)_四川北路;10号线(虹桥火车站)_天潼路;12号线_天潼路;12号线_国际客运中心,121.48940001,0,,良好的技术氛围，循循善导的导师,2544528,.NET,机器学习,,284302,1,28,15k-30k,0,后端开发,海伦路,10号线(航中路),1-3年
"外滩,七浦路,海宁路",上海,中腾信金融信息服务（上海）有限公司,35112,"节日礼物,年底多薪,绩效奖金,岗位晋升",image1/M00/00/53/Cgo8PFTUXRaAJMASAAA4tgqd6o4861.png,中腾信,2000人以上,2018-06-13 10:49:12,0,虹口区,本科,,不需要融资,开发/测试/运维类,2018-06-13,,"免费休闲游,免费体检,地铁周边,6险1金,前景无限好",disabled,金融,,0,全职,1529575187000,31.24432800000001,2号线_陆家嘴;2号线_南京东路;10号线(航中路)_四川北路;10号线(航中路)_天潼路;10号线(航中路)_南京东路;10号线(虹桥火车站)_四川北路;10号线(虹桥火车站)_天潼路;10号线(虹桥火车站)_南京东路;12号线_天潼路;12号线_国际客运中心,121.48995,0,,"丰厚奖金,高温补贴,福利年休假,六险一金",4608237,"高级,算法,数据挖掘,深度学习,大数据",机器学习工程师,,6500949,2,5,18k-28k,0,数据开发,四川北路,10号线(航中路),3-5年
"田林,漕河泾,漕宝路",上海,星环信息科技（上海）有限公司,27962,"五险一金,年底双薪,带薪年假,弹性工作",image1/M00/3F/78/CgYXBlXAhlaAe9VkAAALyeCGxAU857.jpg,星环科技,150-500人,2018-06-15 10:55:34,0,徐汇区,本科,,C轮,开发/测试/运维类,2018-06-15,,,today,数据服务,,0,全职,1529650734000,31.17032939,9号线_桂林路;9号线_漕河泾开发区;12号线_虹漕路;12号线_桂林公园,121.41044957,0,,技术氛围好，扁平化管理,4083694,"搜索,数据挖掘,深度学习,NLP",机器学习工程师（偏算法）,,363516,2,53,15k-30k,0,数据开发,漕河泾开发区,9号线,不限
"虹桥,新华路,虹桥,新华路,古北,古北",上海,上海氪信信息技术有限公司,110641,,i/image/M00/01/C6/CgqKkVZ3fV2AeL2tAACxmcYyqpI239.png,CreditX,50-150人,2018-06-21 18:14:17,0,长宁区,硕士,,B轮,开发/测试/运维类,2天前发布,,,disabled,"金融,数据服务","金融,深度学习,建模",0,全职,1529666723000,31.19757700000001,3号线_延安西路;3号线_虹桥路;4号线_虹桥路;4号线_延安西路;10号线(航中路)_虹桥路;10号线(航中路)_宋园路;10号线(航中路)_伊犁路;10号线(虹桥火车站)_虹桥路;10号线(虹桥火车站)_宋园路;10号线(虹桥火车站)_伊犁路,121.416106,0,,"AI技术,精英团队,扁平管理,弹性工作制",2791138,"金融,深度学习,建模",机器学习算法工程师,,6793647,2,55,15k-30k,0,数据开发,虹桥路,10号线(航中路),3-5年
,上海,上海好居信息科技有限公司,30533,"股票期权,岗位晋升,扁平管理,补充商业保险",i/image/M00/02/71/CgqKkVaPbV2AMOYoAABES1oLpZo428.png,悟空找房,500-2000人,2018-06-22 14:57:48,0,浦东新区,本科,,C轮,开发/测试/运维类,1天前发布,,,today,"移动互联网,O2O",,0,全职,1529658273000,0.0,,0.0,0,,"五险一金,带薪年假,节日福利,技术大牛",4250363,,机器学习算法工程师（16号线滴水湖）,,1844573,1,63,20k-30k,0,数据开发,,,1-3年
张江,上海,百度在线网络技术（北京）有限公司,1575,"股票期权,弹性工作,五险一金,免费班车",i/image/M00/21/3E/CgpFT1kVdzeAJNbUAABJB7x9sm8374.png,百度,2000人以上,2018-06-22 14:02:35,0,浦东新区,本科,,不需要融资,开发/测试/运维类,1天前发布,,"一年调薪4次,5险1金,6险1金",today,"移动互联网,数据服务",,0,全职,1529647348000,31.179853,,121.605878,0,,薪酬福利好,4571761,算法,深度学习/机器学习工程师-上海,,8016982,0,0,15k-30k,0,数据开发,,,3-5年
,上海,同盾科技有限公司,6502,"技能培训,股票期权,绩效奖金,岗位晋升",i/image/M00/15/04/Cgp3O1bqjJSAL_ILAAGd2i3E4lo109.jpg,同盾科技,500-2000人,2018-06-21 11:34:31,0,徐汇区,本科,,C轮,开发/测试/运维类,2天前发布,,"试用期上社保,年底双薪,免费下午茶,学习机会,BAT背景,免费体检,Mac办公,定期团建,加班补贴,试用期上公积金,免费健身房,一年调薪2次,打车报销,弹性工作",today,"信息安全,数据服务",,0,全职,1529673883000,31.183823999999998,4号线_大木桥路;4号线_东安路;4号线_上海体育场;7号线_龙华中路;7号线_东安路;11号线(嘉定北)_龙华;11号线(花桥)_龙华;12号线_龙华;12号线_龙华中路;12号线_大木桥路,121.457355,0,,"15薪,大牛指导,机器学习,弹性工作",4431989,"web前端,js,JavaScript",前端开发工程师-机器学习团队-上海徐汇-00669,,81793,1,10,10k-20k,0,前端开发/移动开发,上海体育场,11号线(花桥),3-5年
外高桥,上海,杭州云脑科技有限公司,190413,"年底双薪,股票期权,扁平管理,人工智能",i/image/M00/14/75/CgpEMljxqPeATVzMAABTwE-3uJc836.png,云脑科技,15-50人,2018-06-22 13:19:55,0,浦东新区,本科,,A轮,开发/测试/运维类,1天前发布,,,today,"企业服务,数据服务",,0,全职,1529651590000,31.319638,6号线_外高桥保税区南,121.60719499999999,0,,"硅谷团队,人工智能,福利多多,晋升空间",4729810,"搜索,推荐,数据挖掘",机器学习算法实习生,,8540637,1,86,3k-6k,0,数据开发,外高桥保税区南,6号线,不限
,上海,支付宝(杭州)信息技术有限公司,153849,"年底双薪,带薪年假,股票期权,绩效奖金",i/image/M00/1F/54/CgpFT1kRuMmASL74AAAg3WZnNI005.jpeg,蚂蚁金服集团,2000人以上,2018-06-12 13:18:46,0,浦东新区,本科,,B轮,开发/测试/运维类,2018-06-12,,"年底双薪,17薪,股票期权,免费体检,5险1金,人体工学椅,晋升机制",disabled,"金融,移动互联网","金融,大数据,数据挖掘",0,全职,1529505211000,0.0,,0.0,0,,"互联网金融,机器学习",4115873,"金融,大数据,数据挖掘",蚂蚁金服-高级算法工程师/算法专家（机器学习方向）,,6948283,0,0,30K-50K,0,数据开发,,,不限
"新天地,淮海路,老西门",上海,普华永道中天会计师事务所（特殊普通合伙）北京分所,44032,"带薪年假,定期体检,管理规范",i/image/M00/00/63/Cgp3O1ZGrqCAFZ1WAAAJFMjCGic827.gif,PWC,2000人以上,2018-06-14 10:18:46,0,黄浦区,本科,,不需要融资,开发/测试/运维类,2018-06-14,,,threeDays,金融,,0,全职,1529462195000,31.220734999999998,1号线_黄陂南路;1号线_人民广场;2号线_人民广场;8号线_陆家浜路;8号线_老西门;8号线_大世界;8号线_人民广场;9号线_陆家浜路;9号线_马当路;10号线(航中路)_豫园;10号线(航中路)_老西门;10号线(航中路)_新天地;10号线(虹桥火车站)_豫园;10号线(虹桥火车站)_老西门;10号线(虹桥火车站)_新天地;13号线_淮海中路;13号线_新天地;13号线_马当路,121.477425,0,,"外企,好福利",4712559,"人工智能,算法",高级软件工程师-机器学习,,5490756,0,0,13k-25k,0,数据开发,马当路,10号线(航中路),3-5年
"和平公园,四平路,临平路",上海,上海脉豪商务信息咨询有限公司,144037,"股票期权,带薪年假,定期体检,弹性工作",i/image/M00/3E/6B/CgpFT1lWC46AcZCKAACYunhg3Qw796.png,眸事网,150-500人,2018-06-22 09:09:28,0,虹口区,硕士,,天使轮,开发/测试/运维类,1天前发布,,,today,"移动互联网,企业服务",,0,全职,1529661218000,30.994061,,120.99346399999999,0,,"人工智能,机器学习,语音处理,期权分配",4719097,"语音处理,人工智能,大数据,算法",机器学习专家,,5915692,1,35,30k-60k,0,数据开发,,,5-10年
长寿路,上海,承承网络科技（上海）有限公司,313050,"年底双薪,带薪年假,阿姨烧饭,季度奖金",i/image2/M00/40/04/CgoB5lpYbJGAIWf8AAAQvTk-6KA138.jpg,叽里呱啦,150-500人,2018-06-22 09:44:10,0,普陀区,本科,,A轮,开发/测试/运维类,1天前发布,,,today,"移动互联网,教育",,0,全职,1529653997000,31.247107,3号线_中潭路;3号线_镇坪路;4号线_镇坪路;4号线_中潭路;7号线_长寿路;7号线_镇坪路;13号线_长寿路;13号线_江宁路,121.437347,0,,"带薪年假,绩效奖金,免费午餐,出国旅游",4536321,"数据分析,数据挖掘",机器学习初级工程师,,9697493,0,5,10k-20k,0,数据开发,江宁路,7号线,不限
徐家汇,上海,上海佰集信息科技有限公司,16303,"Mac办公,弹性工作,带薪年假,福利多多",image1/M00/00/1F/CgYXBlTUWGiAP9kMAAB8zMTX_u0512.png,简书,50-150人,2018-06-22 09:10:26,0,徐汇区,本科,,B轮,开发/测试/运维类,1天前发布,,,today,"移动互联网,文化娱乐",,0,全职,1529648427000,31.189944,1号线_上海体育馆;1号线_徐家汇;3号线_虹桥路;3号线_宜山路;4号线_虹桥路;4号线_上海体育馆;9号线_徐家汇;9号线_宜山路;10号线(航中路)_虹桥路;10号线(虹桥火车站)_虹桥路;11号线(嘉定北)_徐家汇;11号线(花桥)_徐家汇,121.42779099999998,0,,"大牛团队,创业氛围,福利多多,扁平管理",3721536,"资深,高级,数据分析,数据挖掘,深度学习",机器学习算法工程师/专家,,407522,1,100,30k-40k,0,数据开发,虹桥路,11号线(花桥),3-5年
"五角场,大学区,长海医院",上海,上海优梦信息科技有限公司,6732,"节日礼物,技能培训,年度旅游,岗位晋升",i/image2/M00/4F/CA/CgoB5lsOGBaAXWsvAABn-7qzCJE187.jpg,优梦,50-150人,2018-06-22 17:27:56,0,杨浦区,本科,,B轮,开发/测试/运维类,1天前发布,,,today,"移动互联网,电子商务",,0,全职,1529683976000,31.30932,8号线_翔殷路;8号线_嫩江路;10号线(航中路)_三门路;10号线(航中路)_江湾体育场;10号线(航中路)_五角场;10号线(虹桥火车站)_三门路;10号线(虹桥火车站)_江湾体育场;10号线(虹桥火车站)_五角场,121.51801,0,,"周末双休,弹性工作制,午餐补贴",4599352,"数据挖掘,深度学习",机器学习算法工程师,,1401154,1,100,20k-35k,0,数据开发,五角场,10号线(航中路),1-3年
"外滩,北京东路,七浦路",上海,众安在线财产保险股份有限公司,29824,"定期体检,每天下午茶,六险一金,年度体检",i/image/M00/55/39/CgqKkVfGfBuAOWGAAAIUmwY0VKI054.jpg,众安保险,2000人以上,2018-06-14 11:21:16,0,黄浦区,硕士,,上市公司,开发/测试/运维类,2018-06-14,,,today,金融,,0,全职,1529662808000,31.24235295,2号线_陆家嘴;2号线_南京东路;10号线(航中路)_四川北路;10号线(航中路)_天潼路;10号线(航中路)_南京东路;10号线(虹桥火车站)_四川北路;10号线(虹桥火车站)_天潼路;10号线(虹桥火车站)_南京东路;12号线_天潼路;12号线_国际客运中心,121.48791796,0,,公司高速发展，薪资福利优渥,3220621,"大数据,数据挖掘",机器学习高级开发,,6706425,0,0,15k-25k,0,后端开发,四川北路,10号线(航中路),3-5年
,上海,上海栈略数据技术有限公司,120407,"年底双薪,带薪年假,交通补助,通讯津贴",i/image2/M00/10/CB/CgotOVnpijyAPwcQAAAmkEfqM1c322.png,栈略数据,50-150人,2018-06-04 18:13:29,0,静安区,硕士,,A轮,开发/测试/运维类,2018-06-04,,,disabled,"企业服务,数据服务",,0,全职,1528441768000,31.214515999999996,1号线_陕西南路;1号线_黄陂南路;8号线_陆家浜路;8号线_老西门;8号线_大世界;9号线_陆家浜路;9号线_马当路;9号线_打浦桥;10号线(航中路)_老西门;10号线(航中路)_新天地;10号线(航中路)_陕西南路;10号线(虹桥火车站)_老西门;10号线(虹桥火车站)_新天地;10号线(虹桥火车站)_陕西南路;12号线_陕西南路;13号线_淮海中路;13号线_新天地;13号线_马当路,121.474107,0,,"福利好,弹性工作,年底双薪,商业医保",3824726,"人工智能,建模,大数据,数据分析,SPSS",机器学习工程师,,6430400,0,0,25k-45k,0,数据开发,马当路,10号线(航中路),3-5年
张江,上海,百度在线网络技术（北京）有限公司,1575,"股票期权,弹性工作,五险一金,免费班车",i/image/M00/21/3E/CgpFT1kVdzeAJNbUAABJB7x9sm8374.png,百度,2000人以上,2018-06-22 14:02:35,0,浦东新区,本科,,不需要融资,开发/测试/运维类,1天前发布,,"一年调薪4次,5险1金,6险1金",today,"移动互联网,数据服务",,0,全职,1529647348000,31.179853,,121.605878,0,,高薪,4052424,人工智能,机器学习/深度学习平台高级研发工程师--上海,,8016982,0,0,20k-40k,0,数据开发,,,3-5年
外高桥,上海,杭州云脑科技有限公司,190413,"年底双薪,股票期权,扁平管理,人工智能",i/image/M00/14/75/CgpEMljxqPeATVzMAABTwE-3uJc836.png,云脑科技,15-50人,2018-06-22 13:19:54,0,浦东新区,本科,,A轮,开发/测试/运维类,1天前发布,,,today,"企业服务,数据服务","金融,教育,广告营销,推荐",0,全职,1529651590000,31.319638,6号线_外高桥保税区南,121.60719499999999,0,,"硅谷团队,弹性工作,年底双薪,电脑补助",4658609,"金融,教育,广告营销,推荐",机器学习算法工程师,,8540637,1,86,18k-36k,0,数据开发,外高桥保税区南,6号线,1-3年
打浦桥,上海,上海诺祯贸易有限公司,244547,,i/image/M00/62/34/CgpFT1mc6Q2ALlPUAABp3CnEnPk167.jpg,上海诺祯,150-500人,2018-06-19 10:04:16,0,黄浦区,本科,,不需要融资,开发/测试/运维类,2018-06-19,,,today,电子商务,,0,全职,1529632438000,31.204506,1号线_陕西南路;4号线_鲁班路;4号线_大木桥路;9号线_马当路;9号线_打浦桥;9号线_嘉善路;10号线(航中路)_新天地;10号线(航中路)_陕西南路;10号线(虹桥火车站)_新天地;10号线(虹桥火车站)_陕西南路;12号线_大木桥路;12号线_嘉善路;12号线_陕西南路;13号线_新天地;13号线_马当路,121.467707,0,,"创新,高科技",4593809,"算法,深度学习",机器学习工程师,,8677553,0,0,20k-30k,0,数据开发,嘉善路,10号线(航中路),3-5年
,上海,唯品会（中国）有限公司,4760,"技能培训,节日礼物,绩效奖金,岗位晋升",i/image/M00/5D/6A/CgpEMlmK5h6AGsPEAAAkuPM6On4784.jpg,唯品会,2000人以上,2018-06-20 14:03:00,0,闵行区,本科,,上市公司,开发/测试/运维类,3天前发布,,,disabled,电子商务,"广告营销,高级,深度学习",0,全职,1529680703000,31.211612,,121.31518200000001,0,,"包三餐,六险一金,住房免息贷",4427124,"广告营销,高级,深度学习",算法工程师-机器学习研究员,,5437599,1,41,30k-40k,0,数据开发,,,不限
张江,上海,脉景（杭州）健康管理有限公司,256236,,i/image/M00/67/FE/CgpFT1mrYB-AGo3qAAA9grHNlBA283.png,脉景,15-50人,2018-06-04 23:04:30,0,浦东新区,博士,,不需要融资,开发/测试/运维类,2018-06-04,,,today,"医疗健康,数据服务","医疗健康,数据分析,算法",0,全职,1529679180000,31.20693300000001,2号线_金科路;2号线2号线东延_广兰路,121.61288,0,,"带薪年假,绩效奖金,五险一金",4084743,"医疗健康,数据分析,算法",机器学习专家,,8866475,0,0,30k-47k,0,数据开发,广兰路,2号线2号线东延,3-5年
"四平路,五角场",上海,源杉信息技术（上海）有限公司,259846,"股票期权,美女多,领导好,扁平管理",i/image/M00/91/A0/CgpEMlr72VaAKX_mAABNtJgK_G8338.png,源杉FIR.ai,15-50人,2018-06-22 09:07:02,0,杨浦区,硕士,,天使轮,开发/测试/运维类,1天前发布,,,today,"数据服务,金融",,0,全职,1529654287000,31.299059000000003,10号线(航中路)_江湾体育场;10号线(航中路)_五角场;10号线(航中路)_国权路;10号线(虹桥火车站)_江湾体育场;10号线(虹桥火车站)_五角场;10号线(虹桥火车站)_国权路,121.51415800000001,0,,"大牛团队,人工智能,金融科技,期权激励",4358332,"搜索,深度学习,大数据,数据挖掘",机器学习算法工程师,,8899901,0,14,20k-40k,0,数据开发,五角场,10号线(航中路),3-5年
,上海,深圳追一科技有限公司,117189,"期权激励,年底双薪,带薪年假,节日礼物",i/image3/M00/21/56/CgpOIFqTvTaAHDX8AAPQG9kRoQk550.jpg,追一科技,150-500人,2018-06-22 17:04:51,0,长宁区,硕士,,B轮,开发/测试/运维类,1天前发布,,,today,"移动互联网,企业服务",,0,全职,1529666894000,31.203242,1号线_徐家汇;1号线_衡山路;1号线_常熟路;7号线_肇嘉浜路;7号线_常熟路;9号线_嘉善路;9号线_肇嘉浜路;9号线_徐家汇;10号线(航中路)_上海图书馆;10号线(航中路)_交通大学;10号线(虹桥火车站)_上海图书馆;10号线(虹桥火车站)_交通大学;11号线(嘉定北)_徐家汇;11号线(嘉定北)_交通大学;11号线(花桥)_徐家汇;11号线(花桥)_交通大学;12号线_嘉善路,121.44586299999999,0,,大牛导师,4434916,深度学习,机器学习算法工程师 (MJ000045),,4276394,1,100,20k-40k,0,数据开发,衡山路,11号线(花桥),1-3年
,上海,珠海横琴极盛科技有限公司,181489,,i/image/M00/0D/A3/CgpEMljl5ImASYVnAABYPgH1aEc913.jpg,极盛科技,500-2000人,2018-06-20 09:27:42,0,浦东新区,硕士,,上市公司,开发/测试/运维类,3天前发布,,,today,"移动互联网,金融","金融,算法,深度学习",0,全职,1529646125000,31.216657,2号线_上海科技馆;2号线_世纪大道;4号线_世纪大道;4号线_浦电路(4号线);4号线_蓝村路;4号线_塘桥;6号线_蓝村路;6号线_浦电路(6号线);6号线_世纪大道;9号线_世纪大道,121.531728,0,,"年度旅游,弹性工作,福利补贴,绩效奖金",4307380,"金融,算法,深度学习",机器学习高级工程师,,9562408,0,0,20k-40k,0,数据开发,塘桥,4号线,3-5年
"五里桥,打浦桥,制造局路",上海,上海点融信息科技有限责任公司,23177,"节日礼物,带薪年假,岗位晋升,扁平管理",i/image2/M00/41/3B/CgotOVq9rtWAAVGdAAAc6xrq1rY699.jpg,点融,150-500人,2018-06-21 10:25:16,0,黄浦区,硕士,,D轮及以上,开发/测试/运维类,2天前发布,,,today,金融,,1,实习,1529660736000,30.994061,,120.99346399999999,0,,"大牛,大数据,弹性工时",4284013,"大数据,数据分析",数据挖掘/机器学习实习生-SH2921,,270814,2,52,4k-5k,0,数据开发,,,应届毕业生
"唐镇,唐镇,曹路,曹路",上海,招商银行股份有限公司信用卡中心,6796,"金融科技银行,技术创新驱动,奋斗独立改变,一年两次调薪",i/image2/M00/25/D7/CgoB5lodmL2AJHxrAABieRjcJjU514.png,招商银行信用卡中心,2000人以上,2018-06-22 10:02:11,0,浦东新区,本科,,上市公司,开发/测试/运维类,1天前发布,,免费体检,today,"移动互联网,金融",,0,全职,1529687746000,31.247248,,121.673868,0,,职位晋升 福利待遇好 工作氛围好,3569967,"图像处理,音视频处理,图形处理,人工智能,算法",机器学习工程师,,73936,2,100,25k-40k,0,数据开发,,,3-5年
"田林,漕河泾,虹桥",上海,竹间智能科技（上海）有限公司,98800,"年底双薪,股票期权,带薪年假,绩效奖金",i/image/M00/23/F0/Cgp3O1cYtKSAV7rUAAJ-zaTM4JI694.png,竹间智能科技(上海)有限公司,150-500人,2018-06-22 09:53:38,0,徐汇区,硕士,,B轮,开发/测试/运维类,1天前发布,,,today,"移动互联网,其他",,0,全职,1529676404000,31.17509986,9号线_桂林路;12号线_虹漕路;12号线_桂林公园,121.41768,0,,年底双薪 股票期权 五险一金 弹性工作,3282378,算法,机器学习工程师,,2719723,1,60,20k以上,0,数据开发,虹漕路,9号线,不限
外高桥,上海,杭州云脑科技有限公司,190413,"年底双薪,股票期权,扁平管理,人工智能",i/image/M00/14/75/CgpEMljxqPeATVzMAABTwE-3uJc836.png,云脑科技,15-50人,2018-06-22 13:19:56,0,浦东新区,硕士,,A轮,开发/测试/运维类,1天前发布,,,today,"企业服务,数据服务",,0,全职,1529651590000,31.319638,6号线_外高桥保税区南,121.60719499999999,0,,"硅谷团队,弹性工作,年底双薪,电脑补助",4661381,"数据分析,算法,数据挖掘,推荐",机器学习工程师,,8540637,1,86,15k-30k,0,数据开发,外高桥保税区南,6号线,3-5年
"漕宝路,田林,漕河泾",上海,上海彩亿信息技术有限公司,1738,"股票期权,年底双薪,五险一金,带薪年假",i/image/M00/61/D3/CgqKkVf8uQeAOqJ2AAArfl5skXY149.png,有鱼金融科技,500-2000人,2018-06-22 09:51:56,0,徐汇区,本科,,不需要融资,开发/测试/运维类,1天前发布,,,today,"移动互联网,金融",,0,全职,1529663105000,31.16440487,9号线_漕河泾开发区;12号线_虹梅路;12号线_虹漕路,121.40437233,0,,优质平台，亿级用户，极客文化，无限发挥！,4113699,"资深,人工智能,算法,深度学习,AI",机器学习工程师,,105490,1,100,20k-40k,0,数据开发,漕河泾开发区,9号线,5-10年
长寿路,上海,承承网络科技（上海）有限公司,313050,"年底双薪,带薪年假,阿姨烧饭,季度奖金",i/image2/M00/40/04/CgoB5lpYbJGAIWf8AAAQvTk-6KA138.jpg,叽里呱啦,150-500人,2018-06-22 09:44:10,0,普陀区,硕士,,A轮,开发/测试/运维类,1天前发布,,,today,"移动互联网,教育",,0,全职,1529653997000,31.247107,3号线_中潭路;3号线_镇坪路;4号线_镇坪路;4号线_中潭路;7号线_长寿路;7号线_镇坪路;13号线_长寿路;13号线_江宁路,121.437347,0,,"免费午餐,绩效奖金,年终13薪,晋升空间",4578062,"人工智能,数据挖掘,python",机器学习/深度学习专家,,9697493,0,5,50k-80k,0,数据开发,江宁路,7号线,3-5年
,上海,上海众言网络科技有限公司,22481,"技能培训,节日礼物,年底双薪,绩效奖金",image1/M00/36/5C/CgYXBlWeJ_eAMjvsAAAh2YFZsyk678.jpg,问卷网@爱调研,150-500人,2018-06-22 10:39:17,0,徐汇区,本科,,B轮,开发/测试/运维类,1天前发布,,,today,移动互联网,"广告营销,数据挖掘,人工智能,算法",0,全职,1529659700000,31.19456,1号线_徐家汇;3号线_虹桥路;3号线_宜山路;4号线_虹桥路;9号线_徐家汇;9号线_宜山路;10号线(航中路)_交通大学;10号线(航中路)_虹桥路;10号线(虹桥火车站)_交通大学;10号线(虹桥火车站)_虹桥路;11号线(嘉定北)_徐家汇;11号线(嘉定北)_交通大学;11号线(花桥)_徐家汇;11号线(花桥)_交通大学,121.42788,0,,"弹性工作,职业发展",4408227,"广告营销,数据挖掘,人工智能,算法",机器学习工程师,,602993,1,9,15k-30k,0,数据开发,虹桥路,11号线(花桥),1-3年
"和平公园,四平路,临平路",上海,上海脉豪商务信息咨询有限公司,144037,"股票期权,带薪年假,定期体检,弹性工作",i/image/M00/3E/6B/CgpFT1lWC46AcZCKAACYunhg3Qw796.png,眸事网,150-500人,2018-06-22 09:09:28,0,虹口区,本科,,天使轮,开发/测试/运维类,1天前发布,,,today,"移动互联网,企业服务",,0,全职,1529661218000,30.994061,,120.99346399999999,0,,"人工智能,机器学习,语音处理,期权分配",4719132,"语音处理,人工智能,大数据,算法",机器学习工程师,,5915692,1,35,30k-50k,0,数据开发,,,3-5年
,上海,上海钧正网络科技有限公司,164989,"绩效奖金,年底双薪,股票期权,交通补助",i/image2/M00/47/1E/CgotOVrX_pSAEM1uAADyF3kr_vc563.png,哈罗单车,2000人以上,2018-06-15 09:34:37,0,闵行区,本科,,D轮及以上,开发/测试/运维类,2018-06-15,,"购买社保,一年调薪2次,5险1金",disabled,"移动互联网,硬件",,0,全职,1529662091000,31.122671,,121.363922,0,,年底双薪,3949679,"人工智能,深度学习",机器学习,,6734443,1,100,20k-40k,0,数据开发,,,3-5年
,上海,华院数据技术（上海）有限公司,83866,"带薪年假,绩效奖金,定期体检,通讯津贴",image1/M00/3A/30/Cgo8PFWssgqAUS7dAAB6nKgBAmA829.jpg?cc=0.017147018807008862,华院数据,500-2000人,2018-06-22 15:19:47,0,静安区,硕士,,C轮,开发/测试/运维类,1天前发布,,,today,"企业服务,数据服务",,1,全职,1529634571000,31.290987,1号线_汶水路,121.438449,0,,"发展空间大,餐贴,交通贴,六险一金",2773621,,机器学习（实习生）,,2144519,1,86,6k-8k,0,前端开发/移动开发,汶水路,1号线,应届毕业生
"田林,漕河泾,漕宝路",上海,星环信息科技（上海）有限公司,27962,"五险一金,年底双薪,带薪年假,弹性工作",image1/M00/3F/78/CgYXBlXAhlaAe9VkAAALyeCGxAU857.jpg,星环科技,150-500人,2018-06-15 10:55:34,0,徐汇区,本科,,C轮,开发/测试/运维类,2018-06-15,,,today,数据服务,,0,全职,1529650734000,31.17032939,9号线_桂林路;9号线_漕河泾开发区;12号线_虹漕路;12号线_桂林公园,121.41044957,0,,技术氛围好，扁平化管理，,4083679,"算法,数据挖掘,深度学习,spark,hadoop",机器学习工程师（偏工程）,,363516,2,53,15k-30k,0,数据开发,漕河泾开发区,9号线,不限
,上海,上海寰融信息技术有限公司,30848,"带薪年假,绩效奖金,定期体检,股票期权",i/image/M00/45/8C/Cgp3O1eIoa6AZgafAAAL5Ty48hg613.png,GFT,15-50人,2018-06-22 09:57:44,0,虹口区,本科,,A轮,开发/测试/运维类,1天前发布,,,today,"金融,数据服务","视频,算法,深度学习,NLP,人工智能",0,全职,1529640009000,31.27025,3号线_赤峰路;3号线_虹口足球场;3号线_东宝兴路;8号线_西藏北路;8号线_虹口足球场,121.473,0,,"金融AI,大数据处理,替代分析师",4736839,"视频,算法,深度学习,NLP,人工智能",机器学习工程师,,1529867,1,20,20k-40k,0,数据开发,赤峰路,8号线,1-3年
,上海,上海游族信息技术有限公司,14983,"五险一金,岗位晋升,弹性工作,扁平管理",i/image2/M00/09/E5/CgoB5lnbY6eAIrkSAAAXRFw6MkI683.jpg,游族网络,500-2000人,2018-06-21 10:26:27,0,徐汇区,不限,,上市公司,开发/测试/运维类,2天前发布,,,today,"移动互联网,游戏",,0,全职,1529662149000,116.331398,,39.89744500000001,0,,"发展空间大,工作氛围好,福利待遇好",4699176,"数据分析,NLP,自然语言处理",机器学习工程师,,174519,1,100,12k-18k,0,数据开发,,,1-3年
"四川北路,海宁路,七浦路",上海,特赞（上海）信息科技有限公司,75977,"技能培训,扁平管理,弹性工作,全员持股",image1/M00/2D/70/CgYXBlV5AOqAUgHsAABC_cviwwU882.png?cc=0.6042847251519561,特赞|Tezign,50-150人,2018-06-21 11:08:52,0,虹口区,本科,,B轮,开发/测试/运维类,2天前发布,,,today,移动互联网,,0,全职,1529683333000,31.25241373,3号线_东宝兴路;3号线_宝山路;4号线_宝山路;4号线_海伦路;10号线(航中路)_海伦路;10号线(航中路)_四川北路;10号线(航中路)_天潼路;10号线(虹桥火车站)_海伦路;10号线(虹桥火车站)_四川北路;10号线(虹桥火车站)_天潼路;12号线_天潼路;12号线_国际客运中心,121.48608443,0,,鼓励试错 机器学习新领域 设计与AI结合,3274534,"深度学习,自然语言处理",机器学习工程师 - 同济大学联合职位,,1913885,0,0,15k-30k,0,数据开发,海伦路,10号线(航中路),不限
,上海,上海基分文化传播有限公司,202104,"专项奖金,带薪年假,弹性工作,管理规范",i/image3/M00/25/C2/Cgq2xlqXtZ-ATE9tAAAsHI8z3Ns325.png,趣头条,500-2000人,2018-06-22 19:52:41,0,浦东新区,本科,,不需要融资,开发/测试/运维类,1天前发布,,,today,移动互联网,,0,全职,1529667778000,31.22651500000001,,121.62465300000001,0,,发展空间,4323406,高级,机器学习工程师,,9467445,0,0,20k-39k,0,数据开发,,,5-10年
"静安寺,南京西路,北京西路",上海,北京国双科技有限公司,3038,"年度旅游,节日礼物,年底双薪,带薪年假",image1/M00/00/08/Cgo8PFTUWA-AdaTRAAA79zuDOBc464.jpg,Gridsum 国双,500-2000人,2018-06-22 09:46:02,0,静安区,硕士,,上市公司,开发/测试/运维类,1天前发布,,"购买社保,试用期上社保,免费休闲游,试用期上公积金,免费健身房,创新人才支持,免费体检,每月餐补,6险1金",today,"数据服务,企业服务",,1,全职,1529631946000,31.225578999999996,1号线_常熟路;1号线_陕西南路;2号线_南京西路;2号线_静安寺;7号线_常熟路;7号线_静安寺;7号线_昌平路;10号线(航中路)_陕西南路;10号线(虹桥火车站)_陕西南路;12号线_陕西南路;12号线_南京西路;13号线_南京西路,121.44968200000001,0,,六险一金、奖金丰厚、技术牛人多,4036360,"数据分析,数据挖掘,算法",机器学习工程师（上海-静安区）,,1314138,2,100,15k-20k,0,数据开发,昌平路,10号线(航中路),应届毕业生
,上海,百度在线网络技术（北京）有限公司,1575,"股票期权,弹性工作,五险一金,免费班车",i/image/M00/21/3E/CgpFT1kVdzeAJNbUAABJB7x9sm8374.png,百度,2000人以上,2018-06-22 15:06:19,0,浦东新区,硕士,,不需要融资,开发/测试/运维类,1天前发布,,"一年调薪4次,5险1金,6险1金",disabled,"移动互联网,数据服务",,0,全职,1529674040000,31.179906,,121.605797,0,,"大平台,福利好",3983009,C/C++,数据挖掘、机器学习高级工程师,,8078312,0,0,15k-25k,0,数据开发,,,不限
中山公园,上海,上海璇煌科技有限公司,350606,"年底双薪,年终分红,带薪年假,定期体检",i/image3/M00/42/0E/Cgq2xlq02bCAOYE1AACLkdaqzwk647.jpg,璇煌AI,少于15人,2018-06-21 16:15:45,0,长宁区,本科,,未融资,开发/测试/运维类,2天前发布,,,today,"数据服务,其他",,0,全职,1529646452000,31.21765,2号线_江苏路;2号线_中山公园;3号线_中山公园;3号线_延安西路;4号线_延安西路;4号线_中山公园;11号线(嘉定北)_江苏路;11号线(花桥)_江苏路,121.41788,0,,"股票期权,年底双薪,弹性工作,定期体检",4330906,"专家,高级,深度学习,人工智能",机器学习算法工程师,,10358462,0,0,20k-40k,0,数据开发,中山公园,11号线(花桥),3-5年
,上海,韩领网络科技（上海）有限公司,49363,"年底双薪,技能培训,绩效奖金,年度旅游",image1/M00/00/81/CgYXBlTUXdWAJoYuAAA27O1XZL0509.png,Coupang,150-500人,2018-06-19 18:26:53,0,浦东新区,硕士,,不需要融资,开发/测试/运维类,2018-06-19,,,today,"移动互联网,O2O",,0,全职,1529659753000,40.002222,,116.472822,0,,"弹性工作制,技术氛围强,技术自由度,补充公积金",4031372,,资深机器学习算法工程师,,4919613,1,100,20k-38k,0,数据开发,,,5-10年
,上海,上海远眸软件有限公司,382521,"股票期权,专项奖金,带薪年假,扁平管理",i/image/M00/8C/B8/CgpFT1r0EbOAR5MDAAAlTNOMUAc789.png,远眸软件,少于15人,2018-06-14 10:44:43,0,浦东新区,硕士,,天使轮,开发/测试/运维类,2018-06-14,,,today,企业服务,"金融,大数据,数据分析,数据挖掘",0,全职,1529669548000,31.238157,,121.666906,0,,"金融科技,解决食宿,期权奖励",4571857,"金融,大数据,数据分析,数据挖掘",高级机器学习工程师,,8292440,2,33,30k-60k,0,数据开发,,,3-5年
"漕宝路,万源城,东兰路",上海,上海触乐信息科技有限公司,7030,"管理扁平,发展空间大,行业独角兽,带薪年假病假",image2/M00/03/88/CgpzWlXuiV-AWUmuAABLQyCQhSA584.png,触宝,150-500人,2018-06-22 09:46:50,0,徐汇区,本科,,D轮及以上,开发/测试/运维类,1天前发布,,,disabled,"移动互联网,数据服务","搜索引擎,资深,数据挖掘,信息检索",0,全职,1529684675000,31.172406,9号线_漕河泾开发区;9号线_合川路;12号线_虹梅路,121.393969,0,,"独角兽,大牛云集,环境极客,晋升空间大",4169359,"搜索引擎,资深,数据挖掘,信息检索",计算广告工程师（机器学习方向）,,7755866,1,100,25k-45k,0,数据开发,漕河泾开发区,9号线,1-3年
,上海,北京三快在线科技有限公司,50702,"技能培训,绩效奖金,岗位晋升,领导好",i/image/M00/6A/05/Cgp3O1gW8zSAUwUsAABMptH-XY087.jpeg,美团点评,2000人以上,2018-06-22 18:21:46,0,长宁区,本科,,D轮及以上,开发/测试/运维类,1天前发布,,"早九晚六,免费休闲游,带薪病假,交通补助,免费体检,弹性工作,BAT背景,地铁周边,5险1金,定期团建,生日聚会,6险1金",disabled,"移动互联网,O2O","信息安全,深度学习,数据分析,数据挖掘",0,全职,1529662795000,0.0,,0.0,0,,"弹性工作,加班补助,大牛团队,带薪休假",3996747,"信息安全,深度学习,数据分析,数据挖掘",大数据与机器学习研发专家,,8017260,0,0,20k-40k,0,数据开发,,,3-5年
"场中路,汶水路,共和新路",上海,上海宝尊电子商务有限公司,26754,"年底双薪,节日礼物,技能培训,绩效奖金",image1/M00/00/39/CgYXBlTUXKaAMc_EAAA6zrSDiAc175.png,宝尊电商,2000人以上,2018-06-19 15:41:58,0,闸北区,大专,,上市公司,开发/测试/运维类,2018-06-19,,,threeDays,电子商务,,0,全职,1529560766000,31.294026,1号线_汶水路,121.44016299999998,0,,"环境好,福利多多,领导nic,弹性工作",3567523,"人工智能,算法",机器学习高级工程师,,4093877,0,0,20k-40k,0,数据开发,汶水路,1号线,3-5年
"天山路,虹桥,古北",上海,上海寻梦信息技术有限公司,107784,"股票期权,专项奖金,弹性工作,扁平管理",i/image/M00/B1/1A/Cgp3O1i41miAcqAtAAFIpcEdu4s331.jpg,拼多多,500-2000人,2018-06-12 17:08:15,0,长宁区,本科,,C轮,开发/测试/运维类,2018-06-12,,,today,"电子商务,移动互联网",,1,全职,1529658693000,31.208967,2号线_娄山关路;3号线_延安西路;4号线_延安西路;10号线(航中路)_伊犁路;10号线(航中路)_水城路;10号线(虹桥火车站)_伊犁路;10号线(虹桥火车站)_水城路,121.40263600000002,0,,"高薪,机器学习,工作餐",4715173,"后端开发,大数据,数据挖掘",机器学习平台工程师,,9145511,0,0,25k-45k,0,后端开发,水城路,10号线(航中路),应届毕业生
"斜土路,龙华,枫林路",上海,同盾科技有限公司,6502,"技能培训,股票期权,绩效奖金,岗位晋升",i/image/M00/15/04/Cgp3O1bqjJSAL_ILAAGd2i3E4lo109.jpg,同盾科技,500-2000人,2018-06-21 11:34:31,0,徐汇区,本科,,C轮,开发/测试/运维类,2天前发布,,"试用期上社保,年底双薪,免费下午茶,学习机会,BAT背景,免费体检,Mac办公,定期团建,加班补贴,试用期上公积金,免费健身房,一年调薪2次,打车报销,弹性工作",today,"信息安全,数据服务",,0,全职,1529673883000,31.183824,4号线_大木桥路;4号线_东安路;4号线_上海体育场;7号线_龙华中路;7号线_东安路;11号线(嘉定北)_龙华;11号线(花桥)_龙华;12号线_龙华;12号线_龙华中路;12号线_大木桥路,121.457355,0,,五险一金 ， 带薪年假,3907005,"深度学习,反作弊",反欺诈机器学习专家-杭州-00363,,81793,1,10,28k-45k,0,数据开发,上海体育场,11号线(花桥),5-10年
张江,上海,上海七牛信息技术有限公司,4832,"年底双薪,节日礼物,技能培训,年度旅游",i/image3/M00/0B/25/CgpOIFplpvyAAruCAAASq8Y0IL4417.png,七牛云,150-500人,2018-06-22 10:09:23,0,浦东新区,本科,,D轮及以上,开发/测试/运维类,1天前发布,,,today,"移动互联网,数据服务",,1,实习,1529663886000,31.19897000000001,2号线_金科路,121.60363,0,,免费健身、弹性工作、饮料零食畅饮,3322646,"算法,深度学习",【实习生】机器学习软件工程师,,89086,1,2,5k-6k,0,后端开发,金科路,2号线,不限
"外滩,南京东路,外滩,南京东路,陆家嘴,陆家嘴",上海,杭州健培科技有限公司,69641,"技能培训,带薪年假,岗位晋升,年度旅游",image1/M00/26/1B/Cgo8PFVUBG2AZJSjAABU6dUSEt0297.png,健培,150-500人,2018-05-28 14:04:33,0,黄浦区,硕士,,不需要融资,开发/测试/运维类,2018-05-28,,"年底双薪,一年调薪1次,地铁周边,定期团建",overSevenDays,"移动互联网,医疗健康",,0,全职,1527501173000,31.237767,2号线_陆家嘴;2号线_南京东路;10号线(航中路)_天潼路;10号线(航中路)_南京东路;10号线(航中路)_豫园;10号线(虹桥火车站)_天潼路;10号线(虹桥火车站)_南京东路;10号线(虹桥火车站)_豫园;12号线_天潼路,121.490602,0,,"五险一金,双休,节假日福利,包吃包住",3140834,自然语言处理,高级机器学习算法开发工程师（工作地点：杭州）,,1688632,0,0,20k-40k,0,数据开发,豫园,10号线(航中路),1-3年
"江苏路地铁,镇宁路,中山公园",上海,上海西井信息科技有限公司,103946,"技能培训,股票期权,带薪年假,芯片",image2/M00/11/CC/CgqLKVY0eFSAQLhjAAAX3aq_MUQ883.jpg?cc=0.21217558556236327,WESTWELLlab西井科技,50-150人,2018-06-19 17:09:54,0,长宁区,硕士,,A轮,技术,2018-06-19,,,today,"数据服务,硬件",,0,全职,1529679707000,,,,0,,全球领先的神经形态工程团队+高薪水福利,1436193,后端开发,机器学习算法工程师,,3032712,2,32,13k-25k,0,后端开发,,,不限
,上海,颐保医疗科技（上海）有限公司,366553,"""""",i/image/M00/8B/23/CgpFT1rq1HaAMdV2AALt-guO79U598.jpg,颐保,15-50人,2018-06-04 10:18:03,0,徐汇区,本科,,天使轮,开发/测试/运维类,2018-06-04,,,today,"移动互联网,医疗健康","医疗健康,高级,大数据,数据挖掘",0,全职,1529676185000,31.215107,1号线_常熟路;1号线_陕西南路;2号线_静安寺;7号线_常熟路;7号线_静安寺;10号线(航中路)_陕西南路;10号线(航中路)_上海图书馆;10号线(虹桥火车站)_陕西南路;10号线(虹桥火车站)_上海图书馆;12号线_陕西南路;13号线_淮海中路,121.45641299999998,0,,"交通便利,有职业发展",4661633,"医疗健康,高级,大数据,数据挖掘",机器学习算法工程师,,10599855,1,42,20k-40k,0,数据开发,上海图书馆,10号线(航中路),3-5年
"南码头,东明路,六里",上海,上海析乐数据服务有限公司,123332,"带薪年假,交通补助,午餐补助,定期旅行",i/image/M00/70/E8/Cgp3O1gpWRyALgdhAADDQYWlX8g859.jpg,析乐数据,15-50人,2018-06-19 11:16:40,0,浦东新区,本科,,A轮,开发/测试/运维类,2018-06-19,,,today,"数据服务,游戏","支付,游戏,数据分析,数据挖掘,算法",0,全职,1529655018000,31.190541,6号线_高科西路;6号线_临沂新村;7号线_杨高南路;7号线_高科西路;7号线_云台路,121.5122,0,,"餐补车补,绩效奖金,电竞相关,福利优沃",3496635,"支付,游戏,数据分析,数据挖掘,算法",电竞方向机器学习,,4754508,1,42,20k-40k,0,数据开发,高科西路,7号线,1-3年
,上海,华院数据技术（上海）有限公司,83866,"带薪年假,绩效奖金,定期体检,通讯津贴",image1/M00/3A/30/Cgo8PFWssgqAUS7dAAB6nKgBAmA829.jpg?cc=0.017147018807008862,华院数据,500-2000人,2018-06-22 15:19:48,0,静安区,硕士,,C轮,开发/测试/运维类,1天前发布,,,today,"企业服务,数据服务",,0,全职,1529634571000,31.290987,1号线_汶水路,121.438449,0,,"定期体检,弹性工作,五险一金,发展空间大",2985897,,机器学习工程师（图像识别方向）,,2144519,1,86,15k-30k,0,数据开发,汶水路,1号线,1-3年
,上海,上海氪信信息技术有限公司,110641,,i/image/M00/01/C6/CgqKkVZ3fV2AeL2tAACxmcYyqpI239.png,CreditX,50-150人,2018-06-21 18:14:17,0,黄浦区,本科,,B轮,开发/测试/运维类,2天前发布,,,disabled,"金融,数据服务",,0,全职,1529666723000,31.19757700000001,3号线_延安西路;3号线_虹桥路;4号线_虹桥路;4号线_延安西路;10号线(航中路)_虹桥路;10号线(航中路)_宋园路;10号线(航中路)_伊犁路;10号线(虹桥火车站)_虹桥路;10号线(虹桥火车站)_宋园路;10号线(虹桥火车站)_伊犁路,121.416106,0,,"股票期权,精英团队,福利好,团队氛围佳",4215147,"大数据,分布式,高并发,spark",机器学习系统工程师,,6793647,2,55,10k-20k,0,数据开发,虹桥路,10号线(航中路),不限
,上海,上海烨睿信息科技有限公司,314923,"股票期权,带薪年假,五险一金,年终分红",i/image2/M00/52/25/CgoB5lsVDpSAd7xeAAAdX2gxfII364.png,虎博科技,15-50人,2018-06-21 10:14:35,0,黄浦区,本科,,A轮,开发/测试/运维类,2天前发布,,,today,"移动互联网,金融","金融,数据挖掘,NLP,深度学习",0,全职,1529679659000,31.23168900000001,1号线_黄陂南路;1号线_人民广场;1号线_新闸路;1号线_汉中路;2号线_人民广场;2号线_南京西路;8号线_大世界;8号线_人民广场;8号线_曲阜路;12号线_南京西路;12号线_汉中路;12号线_曲阜路;13号线_汉中路;13号线_自然博物馆;13号线_南京西路;13号线_淮海中路,121.46875700000001,0,,"硅谷大牛,股权激励,五险一金,极客氛围",4060760,"金融,数据挖掘,NLP,深度学习",算法高级工程师（机器学习）,,3815542,1,100,20k-40k,0,数据开发,新闸路,8号线,3-5年
,上海,上海乐言信息科技有限公司,133217,股票期权,i/image3/M00/26/6A/CgpOIFqYqU6AOpwaAAB3oRdf8Js398.jpg,乐言科技,50-150人,2018-06-01 10:25:33,0,徐汇区,硕士,,A轮,开发/测试/运维类,2018-06-01,,,today,企业服务,,0,全职,1529685820000,31.192759999999996,1号线_上海体育馆;1号线_徐家汇;3号线_虹桥路;3号线_宜山路;4号线_虹桥路;4号线_上海体育场;4号线_上海体育馆;9号线_徐家汇;9号线_宜山路;10号线(航中路)_交通大学;10号线(航中路)_虹桥路;10号线(虹桥火车站)_交通大学;10号线(虹桥火车站)_虹桥路;11号线(嘉定北)_徐家汇;11号线(嘉定北)_交通大学;11号线(花桥)_徐家汇;11号线(花桥)_交通大学,121.43166000000001,0,,"顶尖团队,早期期权",4360929,后端开发,机器学习系统工程师,,5275579,2,87,25k-50k,0,后端开发,上海体育场,11号线(花桥),3-5年
,上海,百度在线网络技术（北京）有限公司,1575,"股票期权,弹性工作,五险一金,免费班车",i/image/M00/21/3E/CgpFT1kVdzeAJNbUAABJB7x9sm8374.png,百度,2000人以上,2018-06-22 15:06:19,0,浦东新区,硕士,,不需要融资,开发/测试/运维类,1天前发布,,"一年调薪4次,5险1金,6险1金",disabled,"移动互联网,数据服务",,0,全职,1529674040000,31.179906,,121.605797,0,,平台大,3983021,C/C++,数据挖掘、机器学习资深工程师,,8078312,0,0,35k-50k,0,数据开发,,,3-5年
"东方路,潍坊,源深体育中心",上海,上海育创网络科技有限公司,7531,"技能培训,年度旅游,五险一金,生育祝贺金",image1/M00/00/10/Cgo8PFTUWCyAPVvFAABhPLv2eVg540.jpg,北风网,150-500人,2018-06-22 08:47:29,0,浦东新区,硕士,,B轮,开发/测试/运维类,1天前发布,,,today,"教育,数据服务",,0,全职,1529646853000,31.224790000000002,2号线_上海科技馆;2号线_世纪大道;4号线_世纪大道;4号线_浦电路(4号线);6号线_浦电路(6号线);6号线_世纪大道;6号线_源深体育中心;9号线_世纪大道,121.53268999999999,0,,"发展空间大,福利待遇好,近地铁,领导好",3993692,人工智能,深度学习讲师/机器学习讲师,,86953,0,0,30k-45k,0,数据开发,世纪大道,4号线,3-5年
中山公园,上海,上海璇煌科技有限公司,350606,"年底双薪,年终分红,带薪年假,定期体检",i/image3/M00/42/0E/Cgq2xlq02bCAOYE1AACLkdaqzwk647.jpg,璇煌AI,少于15人,2018-06-21 16:15:45,0,长宁区,本科,,未融资,开发/测试/运维类,2天前发布,,,today,"数据服务,其他",,0,全职,1529646452000,,,,0,,弹性工作，五险一金，期权股票，定期团建,4485449,"数据分析,算法,深度学习,人工智能,CNN",机器学习工程师,,10358462,0,0,20K-40K,0,数据开发,,,3-5年
"汶水路,大宁路,闸北公园",上海,深圳市房多多网络科技有限公司,622,"节日礼物,带薪年假,扁平管理,美女多",image1/M00/00/03/Cgo8PFTUV_yAe52VAACGzGHNxxM252.jpg,房多多,2000人以上,2018-06-19 09:25:43,0,闸北区,本科,,C轮,开发/测试/运维类,2018-06-19,,,today,"移动互联网,O2O","房产服务,专家,数据挖掘,算法",0,全职,1529688772000,31.27772987,1号线_上海马戏城,121.43988999999999,0,,平台好，发展快，前景广阔,2910537,"房产服务,专家,数据挖掘,算法",高级机器学习工程师,,3431769,1,30,10k-20k,0,后端开发,上海马戏城,1号线,3-5年
"广中路,中山北路,虹口足球场,广中路,中山北路,虹口足球场",上海,上海寰融信息技术有限公司,30848,"带薪年假,绩效奖金,定期体检,股票期权",i/image/M00/45/8C/Cgp3O1eIoa6AZgafAAAL5Ty48hg613.png,GFT,15-50人,2018-06-22 09:57:44,0,虹口区,博士,,A轮,金融类,1天前发布,,,today,"金融,数据服务",,0,兼职,1529640009000,31.27025,3号线_赤峰路;3号线_虹口足球场;3号线_东宝兴路;8号线_西藏北路;8号线_虹口足球场,121.473,0,,"金融AI,替代分析师,大数据处理",3862685,"js,python,金融AI,分析员",机器学习科学家（可兼职）（上海）,,1529867,1,20,20k-40k,0,证券/期货,赤峰路,8号线,不限
"东外滩,梅园",上海,平安科技（深圳）有限公司,24748,"节日礼物,年度旅游,岗位晋升,技能培训",i/image/M00/7D/7C/Cgp3O1hHwlSAXh_pAACcLWenfL8606.jpg,平安科技,2000人以上,2018-06-19 17:55:57,0,浦东新区,硕士,,不需要融资,开发/测试/运维类,2018-06-19,,,today,金融,"金融,医疗健康,模式识别",0,全职,1529663777000,30.994275,,121.99341000000001,0,,"世界50强,带薪年假,节日福利,绩效丰厚",4410853,"金融,医疗健康,模式识别",机器学习算法工程师或专家（上海）,,811225,2,36,15k-30k,0,数据开发,,,不限
"陆家嘴,梅园,平凉路",上海,苏州市捷梯培训学校,70160,"技能培训,节日礼物,带薪年假,年度旅游",i/image/M00/00/63/Cgp3O1ZGpwuAJwUKAAAimNYsqFo424.png,上元教育集团,500-2000人,2018-06-19 14:08:56,0,浦东新区,硕士,,不需要融资,开发/测试/运维类,2018-06-19,,,today,教育,,0,全职,1529632976000,31.243015999999997,2号线_东昌路;4号线_杨树浦路;4号线_浦东大道;9号线_商城路,121.517921,0,,"自营部门,前十券商,高年终奖,好发展",4089824,"高级,数据挖掘,深度学习,模式识别",算法工程师（机器学习）,,1696507,0,0,25k-50k,0,数据开发,浦东大道,4号线,3-5年
,上海,上海秦苍信息科技有限公司,34683,"美式企业文化,节日礼物,股票期权,岗位晋升",i/image/M00/34/6A/CgpEMlk6ZmmAYZeaAAAb73aIfTY754.png,买单侠,500-2000人,2018-06-20 10:31:20,0,浦东新区,硕士,,C轮,开发/测试/运维类,3天前发布,,,disabled,移动互联网、金融,"金融,数据分析,数据挖掘",0,全职,1529653527000,30.532386,,114.333979,0,,"发展好,技术大牛,晋升空间,待遇优厚",4127177,"金融,数据分析,数据挖掘",机器学习实习生,,6078432,1,10,4k-5k,0,数据开发,,,不限
,上海,北京云知声信息技术有限公司,143428,"弹性工作,领导好,节日礼物,六险一金",i/image/M00/7C/A5/CgqKkVhGJo2AOaJ9AAAKYlhycCk52.jpeg,云知声,150-500人,2018-06-22 11:34:46,0,徐汇区,硕士,,C轮,开发/测试/运维类,1天前发布,,,today,移动互联网,,0,全职,1529670466000,0.0,,0.0,0,,"福利待遇好,职业发展,技术大牛",4100836,"linux,深度学习,容器技术",计算平台研发（机器学习）工程师,,8902725,2,9,20k-30k,0,数据开发,,,不限
漕河泾,上海,苏州思必驰信息科技有限公司,94,"年底双薪,五险一金,弹性工作,年度旅游",image1/M00/2E/DE/CgYXBlV_0c2AL_QDAAAINNDCg7o532.png,思必驰科技,150-500人,2018-06-20 10:45:31,0,徐汇区,本科,,C轮,开发/测试/运维类,3天前发布,,,today,企业服务,,0,全职,1529640086000,31.166420000000002,3号线_龙漕路;3号线_石龙路;11号线(嘉定北)_龙耀路;11号线(嘉定北)_云锦路;11号线(嘉定北)_龙华;11号线(花桥)_龙耀路;11号线(花桥)_云锦路;11号线(花桥)_龙华;12号线_龙漕路;12号线_龙华,121.451012,0,,人工智能,4222747,"高级,Java,大数据,人工智能",机器学习算法应用工程师,,179399,1,43,20k-40k,0,后端开发,石龙路,11号线(花桥),3-5年
张江,上海,上海七牛信息技术有限公司,4832,"年底双薪,节日礼物,技能培训,年度旅游",i/image3/M00/0B/25/CgpOIFplpvyAAruCAAASq8Y0IL4417.png,七牛云,150-500人,2018-06-22 10:09:21,0,浦东新区,本科,,D轮及以上,开发/测试/运维类,1天前发布,,,today,"移动互联网,数据服务",,0,全职,1529663886000,31.19897000000001,2号线_金科路,121.60363000000001,0,,六险一金、免费健身、弹性工作、绩效奖金,3354511,"算法,图像处理,linux,Java,分布式,python",机器学习平台开发工程师,,89086,1,2,15k-30k,0,数据开发,金科路,2号线,1-3年
张江,上海,上海擎创信息技术有限公司,205429,"年底双薪,绩效奖金,弹性工作,岗位晋升",i/image/M00/43/9E/CgpEMllZ3AGALuImAAB8jM4FDks920.jpg,擎创EOI,50-150人,2018-06-20 13:08:08,0,浦东新区,本科,,A轮,开发/测试/运维类,3天前发布,,,disabled,"企业服务,数据服务",,0,全职,1529319734000,31.21105,2号线2号线东延_广兰路,121.621072,0,,"行业大牛多,技术氛围好,薪酬福利佳,成长空间大",4717973,"高级,Java,大数据,Scala,数据挖掘,hadoop",机器学习算法落地工程师,,7990279,0,0,20k-35k,0,后端开发,广兰路,2号线2号线东延,3-5年
中山公园,上海,上海璇煌科技有限公司,350606,"年底双薪,年终分红,带薪年假,定期体检",i/image3/M00/42/0E/Cgq2xlq02bCAOYE1AACLkdaqzwk647.jpg,璇煌AI,少于15人,2018-06-21 16:15:45,0,长宁区,本科,,未融资,开发/测试/运维类,2天前发布,,,today,"数据服务,其他",,0,全职,1529646452000,31.21765,2号线_江苏路;2号线_中山公园;3号线_中山公园;3号线_延安西路;4号线_延安西路;4号线_中山公园;11号线(嘉定北)_江苏路;11号线(花桥)_江苏路,121.41788000000001,0,,"股票期权,年底双薪,弹性工作,定期体检",4330906,"专家,高级,深度学习,人工智能",机器学习算法工程师,,10358462,0,0,20k-40k,0,数据开发,中山公园,11号线(花桥),3-5年
,上海,韩领网络科技（上海）有限公司,49363,"年底双薪,技能培训,绩效奖金,年度旅游",image1/M00/00/81/CgYXBlTUXdWAJoYuAAA27O1XZL0509.png,Coupang,150-500人,2018-06-19 18:26:53,0,浦东新区,硕士,,不需要融资,开发/测试/运维类,2018-06-19,,,today,"移动互联网,O2O",,0,全职,1529659753000,40.002221999999996,,116.472822,0,,"弹性工作制,技术氛围强,技术自由度,补充公积金",4031372,,资深机器学习算法工程师,,4919613,1,100,20k-38k,0,数据开发,,,5-10年
,上海,上海远眸软件有限公司,382521,"股票期权,专项奖金,带薪年假,扁平管理",i/image/M00/8C/B8/CgpFT1r0EbOAR5MDAAAlTNOMUAc789.png,远眸软件,少于15人,2018-06-14 10:44:43,0,浦东新区,硕士,,天使轮,开发/测试/运维类,2018-06-14,,,today,企业服务,"金融,大数据,数据分析,数据挖掘",0,全职,1529669548000,31.238157,,121.66690600000001,0,,"金融科技,解决食宿,期权奖励",4571857,"金融,大数据,数据分析,数据挖掘",高级机器学习工程师,,8292440,2,33,30k-60k,0,数据开发,,,3-5年
"场中路,汶水路,共和新路",上海,上海宝尊电子商务有限公司,26754,"年底双薪,节日礼物,技能培训,绩效奖金",image1/M00/00/39/CgYXBlTUXKaAMc_EAAA6zrSDiAc175.png,宝尊电商,2000人以上,2018-06-19 15:41:58,0,闸北区,大专,,上市公司,开发/测试/运维类,2018-06-19,,,threeDays,电子商务,,0,全职,1529560766000,31.294026000000002,1号线_汶水路,121.44016299999998,0,,"环境好,福利多多,领导nic,弹性工作",3567523,"人工智能,算法",机器学习高级工程师,,4093877,0,0,20k-40k,0,数据开发,汶水路,1号线,3-5年
"天山路,虹桥,古北",上海,上海寻梦信息技术有限公司,107784,"股票期权,专项奖金,弹性工作,扁平管理",i/image/M00/B1/1A/Cgp3O1i41miAcqAtAAFIpcEdu4s331.jpg,拼多多,500-2000人,2018-06-12 17:08:15,0,长宁区,本科,,C轮,开发/测试/运维类,2018-06-12,,,today,"电子商务,移动互联网",,1,全职,1529658693000,31.208966999999998,2号线_娄山关路;3号线_延安西路;4号线_延安西路;10号线(航中路)_伊犁路;10号线(航中路)_水城路;10号线(虹桥火车站)_伊犁路;10号线(虹桥火车站)_水城路,121.40263600000002,0,,"高薪,机器学习,工作餐",4715173,"后端开发,大数据,数据挖掘",机器学习平台工程师,,9145511,0,0,25k-45k,0,后端开发,水城路,10号线(航中路),应届毕业生
"斜土路,龙华,枫林路",上海,同盾科技有限公司,6502,"技能培训,股票期权,绩效奖金,岗位晋升",i/image/M00/15/04/Cgp3O1bqjJSAL_ILAAGd2i3E4lo109.jpg,同盾科技,500-2000人,2018-06-21 11:34:31,0,徐汇区,本科,,C轮,开发/测试/运维类,2天前发布,,"试用期上社保,年底双薪,免费下午茶,学习机会,BAT背景,免费体检,Mac办公,定期团建,加班补贴,试用期上公积金,免费健身房,一年调薪2次,打车报销,弹性工作",today,"信息安全,数据服务",,0,全职,1529673883000,31.183823999999998,4号线_大木桥路;4号线_东安路;4号线_上海体育场;7号线_龙华中路;7号线_东安路;11号线(嘉定北)_龙华;11号线(花桥)_龙华;12号线_龙华;12号线_龙华中路;12号线_大木桥路,121.457355,0,,五险一金 ， 带薪年假,3907005,"深度学习,反作弊",反欺诈机器学习专家-杭州-00363,,81793,1,10,28k-45k,0,数据开发,上海体育场,11号线(花桥),5-10年
张江,上海,上海七牛信息技术有限公司,4832,"年底双薪,节日礼物,技能培训,年度旅游",i/image3/M00/0B/25/CgpOIFplpvyAAruCAAASq8Y0IL4417.png,七牛云,150-500人,2018-06-22 10:09:23,0,浦东新区,本科,,D轮及以上,开发/测试/运维类,1天前发布,,,today,"移动互联网,数据服务",,1,实习,1529663886000,31.19897000000001,2号线_金科路,121.60363000000001,0,,免费健身、弹性工作、饮料零食畅饮,3322646,"算法,深度学习",【实习生】机器学习软件工程师,,89086,1,2,5k-6k,0,后端开发,金科路,2号线,不限
"外滩,南京东路,外滩,南京东路,陆家嘴,陆家嘴",上海,杭州健培科技有限公司,69641,"技能培训,带薪年假,岗位晋升,年度旅游",image1/M00/26/1B/Cgo8PFVUBG2AZJSjAABU6dUSEt0297.png,健培,150-500人,2018-05-28 14:04:33,0,黄浦区,硕士,,不需要融资,开发/测试/运维类,2018-05-28,,"年底双薪,一年调薪1次,地铁周边,定期团建",overSevenDays,"移动互联网,医疗健康",,0,全职,1527501173000,31.237766999999998,2号线_陆家嘴;2号线_南京东路;10号线(航中路)_天潼路;10号线(航中路)_南京东路;10号线(航中路)_豫园;10号线(虹桥火车站)_天潼路;10号线(虹桥火车站)_南京东路;10号线(虹桥火车站)_豫园;12号线_天潼路,121.490602,0,,"五险一金,双休,节假日福利,包吃包住",3140834,自然语言处理,高级机器学习算法开发工程师（工作地点：杭州）,,1688632,0,0,20k-40k,0,数据开发,豫园,10号线(航中路),1-3年
"南码头,东明路,六里",上海,上海析乐数据服务有限公司,123332,"带薪年假,交通补助,午餐补助,定期旅行",i/image/M00/70/E8/Cgp3O1gpWRyALgdhAADDQYWlX8g859.jpg,析乐数据,15-50人,2018-06-19 11:16:40,0,浦东新区,本科,,A轮,开发/测试/运维类,2018-06-19,,,today,"数据服务,游戏","支付,游戏,数据分析,数据挖掘,算法",0,全职,1529655018000,31.190540999999996,6号线_高科西路;6号线_临沂新村;7号线_杨高南路;7号线_高科西路;7号线_云台路,121.5122,0,,"餐补车补,绩效奖金,电竞相关,福利优沃",3496635,"支付,游戏,数据分析,数据挖掘,算法",电竞方向机器学习,,4754508,1,42,20k-40k,0,数据开发,高科西路,7号线,1-3年
张江,上海,百度在线网络技术（北京）有限公司,1575,"股票期权,弹性工作,五险一金,免费班车",i/image/M00/21/3E/CgpFT1kVdzeAJNbUAABJB7x9sm8374.png,百度,2000人以上,2018-05-28 11:09:30,0,浦东新区,本科,,不需要融资,开发/测试/运维类,2018-05-28,,"一年调薪4次,5险1金,6险1金",threeDays,"移动互联网,数据服务",,0,全职,1529492530000,31.179906,,121.605797,0,,平台大,4555853,算法,高级机器学习/数据挖掘工程师,,10612616,0,0,20k-40k,0,数据开发,,,不限
"斜土路,枫林路,龙华",上海,同盾科技有限公司,6502,"技能培训,股票期权,绩效奖金,岗位晋升",i/image/M00/15/04/Cgp3O1bqjJSAL_ILAAGd2i3E4lo109.jpg,同盾科技,500-2000人,2018-06-21 11:34:30,0,徐汇区,硕士,,C轮,开发/测试/运维类,2天前发布,,"试用期上社保,年底双薪,免费下午茶,学习机会,BAT背景,免费体检,Mac办公,定期团建,加班补贴,试用期上公积金,免费健身房,一年调薪2次,打车报销,弹性工作",today,"信息安全,数据服务",,0,全职,1529673883000,31.183823999999998,4号线_大木桥路;4号线_东安路;4号线_上海体育场;7号线_龙华中路;7号线_东安路;11号线(嘉定北)_龙华;11号线(花桥)_龙华;12号线_龙华;12号线_龙华中路;12号线_大木桥路,121.457355,0,,"年底多薪,商业保险,加班补贴,周末双休",4717831,"后端开发,深度学习",机器学习算法工程师-上海-00818,,81793,1,10,18k-36k,0,后端开发,上海体育场,11号线(花桥),1-3年
张江,上海,韩领网络科技（上海）有限公司,49363,"年底双薪,技能培训,绩效奖金,年度旅游",image1/M00/00/81/CgYXBlTUXdWAJoYuAAA27O1XZL0509.png,Coupang,150-500人,2018-06-19 18:26:54,0,浦东新区,本科,,不需要融资,开发/测试/运维类,2018-06-19,,,today,"移动互联网,O2O",,0,全职,1529659744000,31.20621,2号线_金科路;2号线_张江高科,121.60191999999999,0,,"国外出差,弹性工作,技术氛围强,薪资福利优",4040728,高级,机器学习算法工程师,,964806,2,70,20k-32k,0,数据开发,张江高科,2号线,不限
"天山路,虹桥,古北",上海,上海寻梦信息技术有限公司,107784,"股票期权,专项奖金,弹性工作,扁平管理",i/image/M00/B1/1A/Cgp3O1i41miAcqAtAAFIpcEdu4s331.jpg,拼多多,500-2000人,2018-06-16 22:56:39,0,长宁区,本科,,C轮,开发/测试/运维类,2018-06-16,,,today,"电子商务,移动互联网","广告营销,大数据,Java,算法",0,全职,1529686637000,31.208966999999998,2号线_娄山关路;3号线_延安西路;4号线_延安西路;10号线(航中路)_伊犁路;10号线(航中路)_水城路;10号线(虹桥火车站)_伊犁路;10号线(虹桥火车站)_水城路,121.40263600000002,0,,"大牛团队,氛围好",3535535,"广告营销,大数据,Java,算法",大规模机器学习平台研发专家,,3032901,1,100,20k-40k,0,数据开发,水城路,10号线(航中路),3-5年
,上海,上海七牛信息技术有限公司,4832,"年底双薪,节日礼物,技能培训,年度旅游",i/image3/M00/0B/25/CgpOIFplpvyAAruCAAASq8Y0IL4417.png,七牛云,150-500人,2018-06-22 10:09:25,0,浦东新区,本科,,D轮及以上,开发/测试/运维类,1天前发布,,,today,"移动互联网,数据服务",,0,全职,1529663886000,0.0,,0.0,0,,"机器学习,分布式存储",4546222,"专家,redis",资深分布式存储研发（机器学习）,,89086,1,2,25K-40K,0,后端开发,,,5-10年
张江,上海,上海二三四五网络科技有限公司,6082,"鼓励内部创业,互联网百强,亿万用户,提倡男女恋爱",image1/M00/00/0D/CgYXBlTUWCGADOqxAAEFL-txmvQ442.jpg,2345.com,500-2000人,2018-06-21 17:06:34,0,浦东新区,本科,,上市公司,开发/测试/运维类,2天前发布,,,today,"数据服务,移动互联网",,0,全职,1529654079000,31.173871999999996,16号线_华夏中路,121.59765,0,,"上市公司,六险一金,免费早餐,免息车房贷",4112072,深度学习,高级算法工程师（机器学习）,,61814,2,100,20k-35k,0,数据开发,华夏中路,16号线,3-5年
,上海,华院数据技术（上海）有限公司,83866,"带薪年假,绩效奖金,定期体检,通讯津贴",image1/M00/3A/30/Cgo8PFWssgqAUS7dAAB6nKgBAmA829.jpg?cc=0.017147018807008862,华院数据,500-2000人,2018-06-22 15:19:48,0,静安区,硕士,,C轮,开发/测试/运维类,1天前发布,,,today,"企业服务,数据服务",,0,全职,1529634571000,31.290987,1号线_汶水路,121.438449,0,,"定期体检,弹性工作,发展空间大,五险一金",2985801,,机器学习工程师(NLP方向),,2144519,1,86,15k-30k,0,数据开发,汶水路,1号线,1-3年
,上海,北京三快在线科技有限公司,50702,"技能培训,绩效奖金,岗位晋升,领导好",i/image/M00/6A/05/Cgp3O1gW8zSAUwUsAABMptH-XY087.jpeg,美团点评,2000人以上,2018-06-22 18:21:46,0,长宁区,本科,,D轮及以上,开发/测试/运维类,1天前发布,,"早九晚六,免费休闲游,带薪病假,交通补助,免费体检,弹性工作,BAT背景,地铁周边,5险1金,定期团建,生日聚会,6险1金",disabled,"移动互联网,O2O","信息安全,总监,资深,人工智能",0,全职,1529662795000,0.0,,0.0,0,,"海量数据,精英团队",4399995,"信息安全,总监,资深,人工智能",机器学习算法专家（安全领域）,,8017260,0,0,50k-65k,0,数据开发,,,5-10年
张江,上海,美味不用等（上海）信息科技股份有限公司,15257,"绩效奖金,股票期权,专项奖金,年底双薪",i/image/M00/72/5C/CgqKkVgsLoqAF1BlAABc2otHAg8730.jpg,美味不用等,500-2000人,2018-06-19 14:27:08,0,浦东新区,硕士,,D轮及以上,开发/测试/运维类,2018-06-19,,"试用期上社保,试用期上公积金,生日红包,免费下午茶,免费体检,试用享转正工资,定期团建,生日聚会",today,"移动互联网,O2O",,0,全职,1529660409000,31.207614000000003,2号线_金科路;2号线_张江高科,121.5935,0,,一年 14-16 薪，弹性工作制、免费健身房,4246474,"数据挖掘,深度学习,人工智能,机器学习 算法",机器学习与算法工程师 (B端商户产品),,138049,1,15,20k-35k,0,数据开发,张江高科,2号线,1-3年
"东外滩,梅园,源深体育中心",上海,上海幻电信息科技有限公司,30830,"带薪年假,绩效奖金,交通补助,午餐补助",i/image/M00/95/C7/Cgp3O1ib47SARaD_AAAReZn2oqM588.png,哔哩哔哩,2000人以上,2018-06-22 14:05:37,0,浦东新区,本科,,上市公司,开发/测试/运维类,1天前发布,,,today,"移动互联网,文化娱乐",,0,全职,1529664912000,30.994275,,121.99341000000001,0,,发展空间大,2848576,算法,研发工程师(机器学习/数据挖掘方向),,450270,1,100,20k-40k,0,数据开发,,,1-3年
"打浦桥,鲁班路",上海,上海无熵信息科技有限公司,291058,,i/image2/M00/25/A7/CgoB5lodLpGAEsbnAAAQkR5YEog633.jpg,星合金融科技,50-150人,2018-06-20 10:10:33,0,黄浦区,本科,,不需要融资,开发/测试/运维类,3天前发布,,,today,"移动互联网,金融","金融,资深,数据分析,建模",0,全职,1529674165000,31.205741999999997,4号线_西藏南路;4号线_鲁班路;8号线_西藏南路;8号线_陆家浜路;9号线_陆家浜路;9号线_马当路;9号线_打浦桥;10号线(航中路)_新天地;10号线(虹桥火车站)_新天地;13号线_新天地;13号线_马当路;13号线_世博会博物馆,121.478054,0,,"扁平化管理,年假多,不打卡",4351926,"金融,资深,数据分析,建模",高级机器学习算法工程师(金融风控领域),,8938462,1,32,20k-40k,0,数据开发,西藏南路,10号线(航中路),3-5年
外高桥,上海,杭州云脑科技有限公司,190413,"年底双薪,股票期权,扁平管理,人工智能",i/image/M00/14/75/CgpEMljxqPeATVzMAABTwE-3uJc836.png,云脑科技,15-50人,2018-06-22 13:19:55,0,浦东新区,本科,,A轮,开发/测试/运维类,1天前发布,,,today,"企业服务,数据服务",,0,全职,1529651590000,31.319638,6号线_外高桥保税区南,121.60719499999999,0,,"硅谷团队,弹性工作,年底双薪,电脑补助",4658699,"数据分析,算法,数据挖掘,分布式",大数据开发工程师（负责机器学习、深度学习场景）,,8540637,1,86,15k-30k,0,数据开发,外高桥保税区南,6号线,3-5年
"张江,北蔡",上海,上海聚虹光电科技有限公司,97939,"股票期权,带薪年假,岗位晋升,扁平管理",image2/M00/08/DA/CgqLKVYEqrGAXEenAAARCg7iLC4051.jpg?cc=0.20870020287111402,IRISIAN,50-150人,2018-06-20 12:15:00,0,浦东新区,硕士,,未融资,开发/测试/运维类,3天前发布,,,today,信息安全,,1,实习,1529660152000,31.19063400000001,2号线_张江高科,121.58871299999998,0,,"虹膜识别,人工智能,高速成长,大牛指导",4588815,"初级,实习,模式识别",图像处理算法工程师（机器学习）,,6641875,0,0,3k-5k,0,数据开发,张江高科,2号线,应届毕业生
"张江,世纪公园,花木",上海,上海蝶威智能科技有限公司,329751,"""""",i/image3/M00/29/AF/CgpOIFqc2TiAYL_FAACaNNDw7uY630.jpg,蝶威智能,少于15人,2018-06-07 09:20:49,0,浦东新区,硕士,,不需要融资,开发/测试/运维类,2018-06-07,,,today,金融,"金融,深度学习,大数据,算法",0,全职,1529654734000,31.207297999999998,2号线_龙阳路;2号线_世纪公园;7号线_龙阳路;磁悬浮_龙阳路,121.56224499999999,0,,"人工智能,机器学习,深度学习",4419377,"金融,深度学习,大数据,算法",量化金融分析师（人工智能与机器学习方向）,,9966149,0,0,15k-25k,0,数据开发,世纪公园,磁悬浮,不限
"塘桥,花木,陆家嘴",上海,上海秦苍信息科技有限公司,34683,"美式企业文化,节日礼物,股票期权,岗位晋升",i/image/M00/34/6A/CgpEMlk6ZmmAYZeaAAAb73aIfTY754.png,买单侠,500-2000人,2018-06-20 10:31:19,0,浦东新区,本科,,C轮,开发/测试/运维类,3天前发布,,,today,移动互联网、金融,,0,全职,1529649510000,31.217794,2号线_上海科技馆;2号线_世纪大道;4号线_世纪大道;4号线_浦电路(4号线);4号线_蓝村路;4号线_塘桥;6号线_蓝村路;6号线_浦电路(6号线);6号线_世纪大道;9号线_世纪大道,121.531349,0,,"福利好,团队好,有期权,有大牛",4326879,大数据,python 开发工程师（机器学习系统）,,9787452,1,3,15k-25k,0,数据开发,塘桥,4号线,1-3年
张江,上海,百度在线网络技术（北京）有限公司,1575,"股票期权,弹性工作,五险一金,免费班车",i/image/M00/21/3E/CgpFT1kVdzeAJNbUAABJB7x9sm8374.png,百度,2000人以上,2018-06-22 10:27:25,0,浦东新区,不限,,不需要融资,开发/测试/运维类,1天前发布,,"一年调薪4次,5险1金,6险1金",today,"移动互联网,数据服务",,0,全职,1529667484000,31.179817,,121.606079,0,,"大平台,发展空间",4756891,深度学习,AI技术生态部_机器学习算法策略工程师,,1985994,0,0,15k-30k,0,数据开发,,,1-3年
,上海,上海寻梦信息技术有限公司,107784,"股票期权,专项奖金,弹性工作,扁平管理",i/image/M00/B1/1A/Cgp3O1i41miAcqAtAAFIpcEdu4s331.jpg,拼多多,500-2000人,2018-06-16 22:56:39,0,长宁区,本科,,C轮,开发/测试/运维类,2018-06-16,,,today,"电子商务,移动互联网","广告营销,大数据,Java,算法,python",0,全职,1529686637000,31.208967,2号线_娄山关路;3号线_延安西路;4号线_延安西路;10号线(航中路)_伊犁路;10号线(航中路)_水城路;10号线(虹桥火车站)_伊犁路;10号线(虹桥火车站)_水城路,121.40263600000002,0,,"平台大,大牛多,氛围好",4143121,"广告营销,大数据,Java,算法,python",广告机器学习平台研发工程师,,3032901,1,100,25k-50k,0,数据开发,水城路,10号线(航中路),1-3年
"""""",上海,北京三快在线科技有限公司,50702,"技能培训,绩效奖金,岗位晋升,领导好",i/image/M00/6A/05/Cgp3O1gW8zSAUwUsAABMptH-XY087.jpeg,美团点评,2000人以上,2018-05-30 15:34:50,0,长宁区,本科,,D轮及以上,开发/测试/运维类,2018-05-30,,"早九晚六,免费休闲游,带薪病假,交通补助,免费体检,弹性工作,BAT背景,地铁周边,5险1金,定期团建,生日聚会,6险1金",threeDays,"移动互联网,O2O",,0,全职,1529549585000,,,,0,,海量数据,4453402,,机器学习算法专家（安全领域）,,4699364,0,0,40k-70k,0,数据开发,,,5-10年
张江,上海,美味不用等（上海）信息科技股份有限公司,15257,"绩效奖金,股票期权,专项奖金,年底双薪",i/image/M00/72/5C/CgqKkVgsLoqAF1BlAABc2otHAg8730.jpg,美味不用等,500-2000人,2018-06-19 14:27:09,0,浦东新区,本科,,D轮及以上,开发/测试/运维类,2018-06-19,,"试用期上社保,试用期上公积金,生日红包,免费下午茶,免费体检,试用享转正工资,定期团建,生日聚会",today,"移动互联网,O2O",,0,全职,1529660409000,31.207614000000003,2号线_金科路;2号线_张江高科,121.5935,0,,一年 14-16 薪，2 次加薪晋升机会,4248483,"数据分析,数据挖掘,深度学习",机器学习与算法工程师 (C端用户产品),,138049,1,15,15k-25k,0,数据开发,张江高科,2号线,1-3年
,上海,上海七牛信息技术有限公司,4832,"年底双薪,节日礼物,技能培训,年度旅游",i/image3/M00/0B/25/CgpOIFplpvyAAruCAAASq8Y0IL4417.png,七牛云,150-500人,2018-06-22 10:09:26,0,浦东新区,本科,,D轮及以上,开发/测试/运维类,1天前发布,,,today,"移动互联网,数据服务","云计算,高级,linux",0,全职,1529663886000,0.0,,0.0,0,,"六险一金,免费健身,年假",4575363,"云计算,高级,linux",资深运维开发（机器学习）,,89086,1,2,20k-30k,0,运维安全,,,3-5年
"复旦大学,五角场",上海,上海幻电信息科技有限公司,30830,"带薪年假,绩效奖金,交通补助,午餐补助",i/image/M00/95/C7/Cgp3O1ib47SARaD_AAAReZn2oqM588.png,哔哩哔哩,2000人以上,2018-06-22 14:05:37,0,杨浦区,本科,,上市公司,开发/测试/运维类,1天前发布,,,today,"移动互联网,文化娱乐",,0,全职,1529664912000,31.308258,10号线(航中路)_三门路;10号线(航中路)_江湾体育场;10号线(航中路)_五角场;10号线(虹桥火车站)_三门路;10号线(虹桥火车站)_江湾体育场;10号线(虹桥火车站)_五角场,121.506437,0,,"公司好,发展快,氛围好,领导好",3802447,"算法,自然语言处理",基础平台研发工程师（机器学习/深度学习方向）,,450270,1,100,20k-40k,0,数据开发,五角场,10号线(航中路),3-5年
,上海,同盾科技有限公司,6502,"技能培训,股票期权,绩效奖金,岗位晋升",i/image/M00/15/04/Cgp3O1bqjJSAL_ILAAGd2i3E4lo109.jpg,同盾科技,500-2000人,2018-06-21 11:34:30,0,徐汇区,本科,,C轮,开发/测试/运维类,2天前发布,,"试用期上社保,年底双薪,免费下午茶,学习机会,BAT背景,免费体检,Mac办公,定期团建,加班补贴,试用期上公积金,免费健身房,一年调薪2次,打车报销,弹性工作",today,"信息安全,数据服务",,0,全职,1529673883000,31.183824,4号线_大木桥路;4号线_东安路;4号线_上海体育场;7号线_龙华中路;7号线_东安路;11号线(嘉定北)_龙华;11号线(花桥)_龙华;12号线_龙华;12号线_龙华中路;12号线_大木桥路,121.457355,0,,"大牛指导,15薪,弹性上班制,发展空间大",4432153,,Java 开发工程师（机器学习团队）-00668,,81793,1,10,10k-20k,0,后端开发,上海体育场,11号线(花桥),3-5年
曹家渡,上海,上海复深蓝软件股份有限公司,244600,,i/image/M00/5A/EA/CgpFT1mNWBiAMa2RAAAjZ_wFd40009.jpg,软件系统开发 测试平台运维服务,500-2000人,2018-06-19 09:37:59,0,静安区,大专,,上市公司,开发/测试/运维类,2018-06-19,,,today,"移动互联网,企业服务","金融,汽车,数据分析",0,全职,1529630231000,31.22863,2号线_江苏路;3号线_曹杨路;3号线_金沙江路;4号线_金沙江路;4号线_曹杨路;11号线(嘉定北)_江苏路;11号线(嘉定北)_隆德路;11号线(嘉定北)_曹杨路;11号线(花桥)_江苏路;11号线(花桥)_隆德路;11号线(花桥)_曹杨路;13号线_金沙江路;13号线_隆德路;13号线_武宁路,121.428328,0,,"五险一金,年终奖金,上市公司,发展空间大",4705643,"金融,汽车,数据分析",大数据开发（数据挖掘或机器学习方向）05,,8668622,3,4,15k-30k,0,数据开发,武宁路,11号线(花桥),1-3年
,上海,百度在线网络技术（北京）有限公司,1575,"股票期权,弹性工作,五险一金,免费班车",i/image/M00/21/3E/CgpFT1kVdzeAJNbUAABJB7x9sm8374.png,百度,2000人以上,2018-06-22 10:05:50,0,浦东新区,本科,,不需要融资,开发/测试/运维类,1天前发布,,"一年调薪4次,5险1金,6险1金",today,"移动互联网,数据服务",,0,全职,1529647209000,0.0,,0.0,0,,"五险一金,带薪休假",4125974,"C++,Java,深度学习",百度手机输入法_资深机器学习算法工程师,,4815173,0,0,30k-50k,0,数据开发,,,3-5年
张江,上海,百度在线网络技术（北京）有限公司,1575,"股票期权,弹性工作,五险一金,免费班车",i/image/M00/21/3E/CgpFT1kVdzeAJNbUAABJB7x9sm8374.png,百度,2000人以上,2018-06-22 10:17:52,0,浦东新区,不限,,不需要融资,开发/测试/运维类,1天前发布,,"一年调薪4次,5险1金,6险1金",today,"移动互联网,数据服务",,0,全职,1529667484000,31.179817,,121.606079,0,,发展空间大,4748992,"大数据,深度学习",AI技术生态部_资深机器学习算法策略工程师（上海）,,1985994,0,0,30k-45k,0,数据开发,,,3-5年
张江,上海,美味不用等（上海）信息科技股份有限公司,15257,"绩效奖金,股票期权,专项奖金,年底双薪",i/image/M00/72/5C/CgqKkVgsLoqAF1BlAABc2otHAg8730.jpg,美味不用等,500-2000人,2018-06-19 14:27:08,0,浦东新区,硕士,,D轮及以上,开发/测试/运维类,2018-06-19,,"试用期上社保,试用期上公积金,生日红包,免费下午茶,免费体检,试用享转正工资,定期团建,生日聚会",today,"移动互联网,O2O",,0,全职,1529660409000,31.207614000000003,2号线_金科路;2号线_张江高科,121.5935,0,,一年 14-16 薪，2 次加薪晋升机会,4247320,"图像处理,数据挖掘,深度学习,图形处理,语音处理",机器学习与算法工程师 (语音/图像),,138049,1,15,20k-35k,0,数据开发,张江高科,2号线,3-5年
